Name,t12,t23,t34,d2/d1,d3/d1,d4/d1,dt23,d01,d02,d03,d04,d3/d2
1810.01633,148.66889969812604,61.229271784957525,157.39250193704987,0.9297318719393286,0.7473389482165699,0.5452202862359276,4.26685320054286,2.0912197397691137,1.9442736432920136,1.5628499608087785,1.140175425099138,0.8038220166182911
2MASSJ11344050-2103230,160.990858545249,79.38825526152846,176.174471166433,0.9053975677483598,0.5527580328845068,0.39213185346205387,1.4218373719259985,1.9590389292945625,1.7737090817076477,1.0828745049010327,0.7682015663485943,0.6105141570671159
2MASXJ01471020+4630433,67.49624892132312,33.28257570917181,176.41440583041745,1.053677759475336,0.974820575876991,0.5513570155920305,4.304327027042015,2.1317537875687864,2.24618155463854,2.078077454825761,1.1753574062909335,0.92516005686823
ATLASJ2344-3056,162.33753483022582,78.86332109716027,177.40224589674932,1.0377321012570584,0.9867506794203453,0.7738517256135186,-0.6239410222364258,0.5283910432119419,0.5483283475577375,0.5213902208890087,0.40889632058828845,0.9508722706226813
B0128+437,166.64246243144672,33.72688926753872,114.63839672461384,0.773540709731473,0.7437097576980441,0.6099249398008985,-9.702827515413558,0.3110819827633867,0.240634577731464,0.2313547060251854,0.1897366596101027,0.9614358343935325
B0712+472,79.3881313362781,11.777773210703327,161.5167267935617,0.9987352351008483,0.9944949434444296,0.575152519650229,-4.3453654693765955,0.8209999999905904,0.8199616280083987,0.8164803485585188,0.472200218627426,0.9957543385800437
B1422+231,75.73928323532283,29.040992727333197,180.45846055832405,0.9302973322148094,0.8956695615553418,0.2458430747831262,-9.364461230077918,1.0863498747133356,1.0106283902977085,0.9730105159801938,0.2670715934897903,0.9627777384064649
B1555+375,84.0869765580482,16.737991227195817,158.93595525188948,0.8885880642953543,0.926360529688752,0.33037656245287134,1.0056715942099894,0.3274658116805559,0.2909822117241322,0.30335140276335687,0.10818702918386137,1.0425084095894885
B1933+503 A,169.068173462222,59.09067820448791,142.82915879320524,0.7451750076346556,0.6295187831971769,0.6749858601620049,-3.382318796794542,0.6669587693403544,0.4970010060351991,0.4198630729178264,0.4501877386157913,0.8447932052839557
B1933+503 B,159.20028638654458,16.47486944060923,100.39067308309654,0.6187443135915257,0.5860830396439372,0.6004411312200542,-9.942626162216978,0.7325844661197779,0.4532824726370963,0.4293553306994103,0.4398738455511989,0.947213617595926
COSMOS5921+0638,105.99629639747377,42.394842474596345,164.4285718095691,0.9776290822916668,0.9945298588850215,0.9446650998002427,6.551908916423194,0.730168971388662,0.713834421416548,0.7261748440773873,0.6897651442279109,1.0172875141497812
DESJ0029-3814,179.5331473025675,51.2277993926823,107.06233014625076,0.6504091797278161,0.42366149273243076,0.4260029587503745,-1.7537633939962043,1.3391793387161162,0.8710145352027883,0.5673587176768993,0.5704943605904355,0.6513768654214337
DESJ0053-2012,110.27583929739097,33.43107006604071,146.15638006741975,1.0285278468064816,0.8740738470340715,0.33498806128062697,14.647397409056543,1.8399328983100711,1.8924222221672666,1.608237226710433,0.6163555544913357,0.8498300262341164
DESJ040559.80-330851.4,156.68520565339315,79.89311705209224,178.99385758354202,0.9186641635838663,0.9204973575608678,0.8849207187419866,2.2403849365549275,0.7523220147460271,0.6911312744223881,0.6925104266085862,0.6657453380144738,1.00199549960657
DESJ0530-3730,54.62704806332471,11.164006744049258,163.61828082009825,1.024195312857625,1.0435683888275464,0.48043136555713073,6.757219369369493,0.7057614194098574,0.7228375377553204,0.7365103073501871,0.33906992248461665,1.018915411666812
G2237+0305,133.91294834071567,64.59631227310533,187.69003088751435,0.8196950782589714,0.9103803970338876,0.5921281669531875,-9.188507347867265,1.085791292462236,0.8900177784477421,0.9884831079277083,0.642927607699396,1.1106329916821405
GRAL122629-454209,143.7136607512356,58.15190861756289,159.03887467468292,0.846986912869915,0.7042564227546124,0.5031069488466844,3.27102795087653,4.591227286902708,3.88870942601784,3.2334013051274657,2.309878351775262,0.8314844208965672
GraLJ024848742+191330571,165.08687915697178,68.89892778772398,141.53220648869828,0.9228496327713737,0.7793748548316843,0.8099066686503392,10.488637873740254,0.8790535064091264,0.8112342055760506,0.685112198946896,0.7119512969412152,0.8445307091808383
GraLJ065904.1+162909,173.7603342135256,39.09525126237333,93.55726242991648,0.6931840624136135,0.703831592739583,0.6426171590780143,-0.2836803200705831,3.104771047284237,2.1521778074206566,2.1852359513018076,1.9951791499934675,1.0153603218875165
GraLJ081828.3-261325,114.78009895965954,13.271752412239364,138.37385142246333,0.6523804956291738,0.6311824604578833,0.4130891174988054,-0.8240449882149417,4.442040940558644,2.8979008704067293,2.8037383303164547,1.8349587720289338,0.967506638666678
GraLJ113100013-441959935,133.31865394734052,32.195387959273475,144.8013587261752,0.9387505135157008,0.9169068385635978,0.8596901549818571,-3.0027220483742307,0.9190702227479831,0.8627776435616586,0.8427017723577948,0.7901156222334235,0.9767311179726585
GraLJ1537-3010,178.5240204757913,85.2663845271541,174.675157086191,0.949861784254735,0.7164427502599208,0.7438516359216366,-1.2769723257572405,1.6855102173471757,1.6010017424289744,1.2075715757074073,1.2537695325363298,0.7542600009137586
GraLJ1817+2729,156.1814893075285,57.14647585753584,157.43910590891682,0.8316076100944382,0.8647983487421621,0.8245390747635949,-5.040753491777567,1.0019539602510983,0.8332325383090735,0.8664881303408197,0.8261501913411603,1.0399115378994124
GraLJ203802-400815,142.63372497811835,64.33011426946213,171.47287730541197,0.943290866694535,0.8783870123633626,0.7148775717886081,-0.006566852666834605,1.55867445237613,1.4702833750765094,1.3691193954697691,1.1142614077235864,0.9311942300908653
H1413+117,178.34239268979636,86.72225472652885,159.6496719673132,1.2603194048334467,1.1187894167649413,0.7978318311425238,8.008857891505146,0.5920393691887322,0.7461587054139123,0.6623673805565454,0.4723478540283109,0.8877030794529353
HE0435-1223,159.12352746001545,86.09736213208019,196.50951860266005,0.7460938573031043,0.7628951929956546,0.7635608694689764,-4.73269952709204,1.4779429864452551,1.10268418363101,1.127515599880727,1.1284994317557147,1.0225190644958289
HE1113-0641,85.12624873496145,21.260594501123258,160.5526260503995,0.8655557695670887,0.678112603834616,0.47134422088537853,2.8434556443981154,0.5289939146423667,0.4578737348845805,0.3587174408708019,0.24933822455021276,0.7834418389629323
HS0810+2554,111.3284501393514,22.45997657882861,150.08824676759673,0.9202506712044808,0.9249294451318458,0.9026663546962036,-1.3200893114944985,0.5141293611533969,0.4731278896873445,0.4755333847376017,0.4640872762746248,1.0050842385382248
HST12531-2914,142.6190356003434,66.42922349242363,156.4292234924236,1.1919258452754913,0.9935640318810509,0.6071118747193901,14.41896603059975,0.6588571508029017,0.7853088663865505,0.6546167671853926,0.3999999999962256,0.8335787295990778
HST14113+5211,188.90989324430996,82.57944675546334,175.53204858330244,1.1123667956238803,0.6790806573824107,0.5664018722305161,-9.99454391740287,1.1079622535981803,1.2324604217072208,0.7523957355283496,0.6275518947987512,0.6104826753674741
HST14176+5226,163.1086561233731,75.76806062593401,179.53187348962143,0.8888617281904972,0.7134193894810629,0.649767662764098,-5.501071842146797,1.7434359753085285,1.5496735140022238,1.243801029103932,1.1328283188550683,0.802621337891787
J0030-1525,91.223870926742,16.62938291378983,153.27337321220136,0.9907052991652059,1.0044352073790177,0.6192016763534013,3.2742739136076726,1.2442738266760403,1.232708673700522,1.2497924391336324,0.7704564393204656,1.0138587208783287
J0408-5354,167.48598703860853,39.4760153790025,120.92391509168004,0.6819085611320368,0.7925331294143485,0.673794261730404,-8.564794627820879,2.5023954804579547,1.7064049014623959,1.983231321159665,1.6860997153126673,1.1622278624844713
J0420-4037,163.14073343242129,46.221252179175806,128.767977022027,0.9017389293557218,0.8924039657011652,0.8542623209350452,-2.4555173172231193,0.9140841564327384,0.8242652685626857,0.81573232618518,0.780867653004184,0.9896478200611498
J095930.94+023,141.22028319306875,39.00219291755422,120.91156165379158,0.8418590004783696,0.7738500814561946,0.714524215187139,17.04246868834902,1.077185685014427,0.9068384641158532,0.8335802300918611,0.7696752561957543,0.9192157843730003
J100140.12+020,120.40764351368496,24.341110898765017,131.2660136867412,0.9017204942436416,0.8566993628472197,0.7123370147985175,12.64084031934489,0.9597207927308858,0.865399907557194,0.8221921916437785,0.683644644533986,0.9500719661094257
J125856.3-031944,81.66284947424384,37.13141676095753,189.2151450025916,0.9759658969767071,1.013978777588937,0.8245253428512558,-14.977908513734116,1.0497879165190966,1.0245572055808687,1.0644626683196707,0.8655767417890137,1.0389489845188076
J1606-2333,168.585651934145,74.23460947496014,152.5168541156458,0.9150152281710066,0.6867231199401943,0.5719614772066534,6.384493800265422,0.904658328168087,0.8277761465655235,0.6212497895994689,0.5174297137463204,0.7505045804678707
J2145+6345,120.80387764342083,36.81102295276571,159.46830608390337,0.8212964820821561,0.7797512798839136,0.5388886802607101,-3.1958981847592924,1.3039283259203212,1.0709117469656348,1.0167397810132592,0.7026722147097589,0.9494150978305461
J2205-3727,175.3481864783844,51.99248154468033,114.88999174106775,0.8067588849850206,0.7652674828792911,0.7584715253827345,-0.6145334290744576,0.9106420448402789,0.7346685607158225,0.6968847454589708,0.6906960608276589,0.9485702570148951
LSDQ0047-2808,130.88501033730577,54.34141970661657,152.75026460214255,0.9191233216600198,0.9432128180900788,0.8193937217209188,13.810869480977251,1.2749039179483292,1.1717939238620416,1.202505717242126,1.0446482661642624,1.0262092103011284
MG2016+112,150.77497795318678,1.5360185290167747,91.35564519284594,0.5795345615188635,0.5758007266177317,0.5215754800569165,-8.847716299647125,2.511035642917081,1.4552319402761884,1.4458561477546787,1.3096946208945046,0.9935571833863609
PG1115+080,159.7365989745016,26.918888780833495,125.10232140653187,0.7553923461163459,0.6720140649042079,0.8174967962365997,-16.169337366738148,1.4033029074114662,1.0600442755414368,0.9430392911014727,1.1471956309583793,0.8896225496051081
PSJ2107-1611,143.1041608904429,9.897998963828227,97.06852516707625,0.8834220091838916,0.9179984058609515,0.6319687442225705,4.567567352043866,2.5743119664331737,2.274203849652529,2.363214281374425,1.626884700663909,1.0391391614852359
RXJ0911+0551,176.9446953665493,36.652794026746335,86.2899523454422,0.31856803072408096,0.3001987813783509,0.267200127692674,-2.7093261828817576,2.4671151665647315,0.7859440201820395,0.7406249665227795,0.659213487538629,0.9423380641680266
RXJ1131-1231,65.94414850208938,32.36833059555973,181.91201270277548,0.9557053728122035,0.944613561433953,0.4992457683692196,-3.065762704031565,2.241168590022811,2.141896862862751,2.1170382435953585,1.1188939347708988,0.9883941100533815
SDSS0924+0219,148.8938246428709,47.65048340260855,136.96478566235018,0.9158250677026939,0.8676538670178027,0.7922289295633658,6.065579574190019,0.9790262840365892,0.8966168128605261,0.8494559412564163,0.7756129450167067,0.9474013079749755
SDSS1011+0143,190.26381452624577,91.92540983053784,176.36905813350583,0.9292057256316708,0.8546158568064054,0.7644557310782093,-1.718697357495041,2.070676218050519,1.9240841977418763,1.7696327302578916,1.582940302096071,0.919727282379196
SDSS1138+0314,153.87324491746077,56.054612695032176,152.07320959781885,0.8339393806068515,0.766631708122146,0.8333142654723079,-0.6622297207976261,0.8066553188358175,0.672701636953164,0.6184075449449171,0.6721973845049997,0.9192894902795858
SDSS1402+6321,142.5761548956891,44.390493423324806,156.10442850510125,0.9322768683619426,0.9180758543592054,0.8399509919869513,-7.324489941893253,1.4480676779764128,1.35,1.3294359706281458,1.216305882580529,0.9847673856504784
SDSSJ002240,77.90277265278759,36.912114671444,177.51519805733824,0.9614180004796032,0.9415176668162945,0.2616332845380726,1.1453460883392883,4.348013914421158,4.180258843660282,4.093731915990592,1.13758516164725,0.9793010598372597
SDSSJ120602.09,96.03743799353646,35.12590014311531,171.61142655220007,0.9582319880390692,0.9731902587724834,0.7081747811329167,-3.102919538684912,4.217391729493479,4.041239661292065,4.10432454857069,2.986650464985817,1.0156102811429046
SDSSJ125107.57+293540.5,177.32413182348952,41.32406506327259,88.5610123411459,0.6705087927047784,0.6387001807374411,0.6465190613615199,0.3262614232329806,1.1239798602203948,0.7536383791008624,0.7178861398680099,0.726674404218942,0.9525604849430476
SDSSJ1330+1810,105.76132567317168,21.4502360565332,147.8213998435417,1.091959632384468,1.0801135644659117,0.6769360288706519,4.202373262078259,1.0268096025056295,1.121234636080889,1.1090709797901814,0.6950844147264134,0.9891515514243978
SDSSJ1433+6007,126.628429636627,58.699666878086866,171.44843697730258,0.856386287616937,0.7502395543068106,0.49232216303446086,3.486043707708659,2.2615784187099237,1.9367847461535743,1.6967255848828344,1.1134251789713252,0.8760527406323838
SDSSJ1538+5817,117.67263159843336,87.3922913159266,207.34987578006985,0.9766313688719638,0.954368896337246,0.9461482476600688,1.2872113103279657,1.0151354589413175,0.9914131328563284,0.9688137075826292,0.9604686356149272,0.977204835678756
SDSSJ1640+1932,163.411918414641,18.095858577068277,82.77942539266218,0.8308550156626533,0.824445198757878,0.6904947679994213,-2.4776292907681694,2.8000364064129526,2.3264242923062333,2.3084765716144213,1.9334104888360453,0.992285276270899
SLACSJ0946+1006,177.0983390424193,84.12704176640737,172.76791837516993,0.969858680596576,0.8405720902624269,0.8058244430053282,-0.6358643038246159,2.33420221917468,2.2638462845343543,1.962065238466856,1.880957203128237,0.8666954341692102
SLACSJ1205+491,159.11531204086668,27.11153049417785,90.35367315924644,0.6932156556263566,0.7041948671773347,0.6302858668672515,7.211694227617576,1.5103807466993215,1.047019579568596,1.0636023693091323,0.9519716382329884,1.0158380894341716
SLACSJ1636+470,128.02723071397355,21.18834574902727,136.91087266536482,0.6227685532037875,0.642649129435294,0.511912597361626,-2.5191260546293988,1.726629664983201,1.0752906583803283,1.1096170510586074,0.8838834764831844,1.0319228967635443
SLACSJ2300+002,160.8066675819722,17.516645650656553,38.49849230874213,0.7495958218786846,0.7357701220906727,0.7311034568986146,26.4010853139074,1.4802871343087465,1.1096170510586074,1.0891510455395983,1.082243041095668,0.9815557939565872
WFI2026-4536,167.86684491266897,30.07945931139514,111.7356737785241,0.7792129730609476,0.6663263965441685,0.7569416210307623,-12.914942828671364,0.8247420859807973,0.6426497328255848,0.5495474222299055,0.6242816114945972,0.8551274421505948
WFI2033-4723,134.76334466312898,33.443943735614624,122.51855710247311,0.9040613123179655,0.8090993656765654,0.5870030316169939,16.479073961778802,1.4404768739267566,1.302279413005904,1.1654889249659006,0.8455642919691764,0.8949607229647702
WG0214-2105,172.58770125119378,68.8659691686192,145.65563023908618,0.8903987526262371,0.7886688378781321,0.8025595757502318,1.9268819685283034,0.9817805121958575,0.8741761434119397,0.7742996956049043,0.7879373513477527,0.8857479141249335
WG2100-4452,124.692279034975,23.198295845787374,137.40638082035252,0.9433666553987388,0.912156939081195,0.7707059067581583,1.8361020220066622,1.4341033367515768,1.352885268287506,1.3081273099774464,1.1052719125360244,0.966916663697052
WISE025942.9-163543,175.08942838243104,68.45443570018661,148.72686147486027,0.9214626827376193,0.8423476246301057,0.8384763448981135,-2.135562464300696,0.8207807107806557,0.7563187956952331,0.6913826820682951,0.6882052103382399,0.9141418750974627
