Name,t12,t23,t34,d2/d1,d3/d1,d4/d1,dt23,d01,d02,d03,d04,d3/d2,llrw,jhmj,what_A,lj_diff,odd_flag,dt1,dt2_t12,dt2_t34,algo_list,algo,al_diff,aj_diff,algo_diff
1810.01633,148.6688997,61.22927178,157.3925019,0.929731872,0.747338948,0.545220286,4.266853201,2.09121974,1.944273643,1.562849961,1.140175425,0.803822017,A,A,EC/F,-,-,-8.723602200000016,26.210356140000002,34.93395834000002,[],A,False,False,False
2MASSJ11344050-2103230,160.9908586,79.38825526,176.1744712,0.905397568,0.552758033,0.392131854,1.421837357,1.95903893,1.773709082,1.082874505,0.768201567,0.610514157,EC,EC,-,-,-,-15.183612600000004,2.2143480800000077,17.39796068000001,['EC'],EC,False,False,False
2MASXJ01471020+4630433,67.49624891,33.28257571,176.4144058,1.05367776,0.974820576,0.551357016,4.304327054,2.131753787,2.246181555,2.078077455,1.175357406,0.925160057,CM,CM,-,-,-,-108.91815688999999,0.9310974899999991,109.84925437999999,['CM'],CM,False,False,False
ATLASJ2344-3056,162.3375348,78.86332113,177.4022459,1.037732101,0.986750679,0.773851726,-0.623940981,0.528391043,0.548328348,0.521390221,0.408896321,0.950872271,EC,EC,-,-,-,-15.064711100000011,4.6108925399999805,19.67560363999999,['EC'],EC,False,False,False
B0128+437,166.6424624,33.72688927,114.6383967,0.77354071,0.743709758,0.60992494,-9.702827515,0.311081983,0.240634578,0.231354706,0.18973666,0.961435834,A,A,F/Cm,-,-,52.0040657,99.18868386,47.18461816,['F'],F,True,True,True
B0712+472,79.38813133,11.7777732,161.5167268,0.998735235,0.994494944,0.57515252,-4.345365462,0.821,0.819961628,0.816480349,0.472200219,0.995754339,CM/F,F/CM,-,-,-,-82.12859547,55.832584929999996,137.9611804,['F'],F,False,False,False
B1422+231,75.73928322,29.04099271,180.4584606,0.930297332,0.895669561,0.245843075,-9.364461273,1.086349875,1.01062839,0.973010516,0.267071593,0.962777738,CM,CM,-,-,-,-104.71917737999999,17.657297800000002,122.37647518,['CM'],CM,False,False,False
B1555+375,84.08697652,16.73799109,158.9359554,0.888588063,0.92636053,0.330376562,1.005671289,0.327465812,0.290982211,0.303351403,0.108187029,1.042508411,CM/F,F/CM,-,-,-,-74.84897888000002,50.61099433999999,125.45997322000001,['F'],F,False,False,False
B1933+503 A,169.0681735,59.0906782,142.8291588,0.745175008,0.629518783,0.67498586,-3.382318797,0.666958769,0.497001006,0.419863073,0.450187739,0.844793205,A,A,A,-,-,26.239014700000013,50.8868171,24.64780239999999,[],A,False,False,False
B1933+503 B,159.2002864,16.47486944,100.3906731,0.618744314,0.58608304,0.600441131,-9.942626162,0.732584466,0.453282473,0.429355331,0.439873846,0.947213618,F/Cm,F,-,*,-,58.80961330000001,126.25054752000001,67.44093422,['F'],F,False,False,False
COSMOS5921+0638,105.9962964,42.39484249,164.4285718,0.977629083,0.994529858,0.9446651,6.551908879,0.730168971,0.713834422,0.726174844,0.689765144,1.017287513,CM,CM,-,-,-,-58.43227539999998,21.20661142,79.63888681999998,['CM'],CM,False,False,False
DESJ0029-3814,179.5331473,51.2277994,107.0623301,0.65040918,0.423661493,0.426002959,-1.753763378,1.339179339,0.871014535,0.567358718,0.570494361,0.651376866,Cm,Cm,-,-,-,72.4708172,77.07754849999999,4.606731299999993,['Cm'],Cm,False,False,False
DESJ0053-2012,110.2758393,33.43107008,146.1563801,1.028527847,0.874073847,0.334988061,14.64739743,1.839932898,1.892422222,1.608237226,0.616355554,0.849830026,CM/F,F,-,*,-,-35.880540800000006,43.413699140000006,79.29423994000001,['F'],F,False,False,False
DESJ040559.80-330851.4,156.6852057,79.89311707,178.9938576,0.918664164,0.920497358,0.884920719,2.240384938,0.752322015,0.691131274,0.692510427,0.665745338,1.0019955,EC,EC,-,-,-,-22.3086519,-3.1010284399999932,19.207623460000008,['EC'],EC,False,False,False
DESJ0530-3730,54.62704805,11.16400674,163.6182808,1.024195313,1.043568389,0.480431366,6.75721937,0.705761419,0.722837538,0.736510307,0.339069923,1.018915412,CM,F/CM,-,*,-,-108.99123275000001,32.29903457,141.29026732,['F'],F,True,False,False
G2237+0305,133.9129484,64.59631228,187.6900309,0.819695078,0.910380397,0.592128167,-9.188507348,1.085791292,0.890017778,0.988483108,0.642927608,1.110632991,EC,A,CM,*,-,-53.777082500000006,4.720323839999992,58.49740634,['CM'],CM,True,True,True
GRAL122629-454209,143.7136608,58.15190862,159.0388747,0.846986913,0.704256423,0.503106949,3.271027951,4.591227287,3.888709426,3.233401305,2.309878352,0.831484421,A,A,EC/F,-,-,-15.325213899999994,27.409843560000013,42.73505746000001,[],A,False,False,False
GraLJ024848742+191330571,165.0868792,68.89892779,141.5322065,0.922849633,0.779374855,0.809906669,10.48863784,0.879053507,0.811234206,0.685112199,0.711951297,0.844530709,A,A,Cm,-,-,23.554672699999998,27.289023619999995,3.734350919999997,['EC'],EC,True,True,True
GraLJ065904.1+162909,173.7603342,39.09525128,93.55726243,0.693184063,0.703831593,0.642617159,-0.283680315,3.104771047,2.152177808,2.185235951,1.99517915,1.015360322,Cm,Cm,-,-,-,80.20307177,95.56983163999999,15.366759869999996,['Cm'],Cm,False,False,False
GraLJ081828.3-261325,114.780099,13.27175241,138.3738514,0.652380496,0.631182461,0.413089117,-0.824044987,4.442040941,2.89790087,2.803738331,1.834958772,0.967506639,F/CM,F,-,*,-,-23.5937524,88.23659418000001,111.83034658000001,['F'],F,False,False,False
GraLJ113100013-441959935,133.318654,32.195388,144.8013587,0.938750513,0.916906838,0.859690155,-3.002722048,0.919070223,0.862777644,0.842701772,0.790115622,0.976731117,F/CM,F,-,*,-,-11.4827047,68.927878,80.4105827,['F'],F,False,False,False
GraLJ1537-3010,178.5240205,85.26638454,174.6751571,0.949861784,0.71644275,0.743851636,-1.276972322,1.685510217,1.601001743,1.207571576,1.253769533,0.754260001,EC,EC,-,-,-,3.848863399999999,7.9912514199999976,4.1423880199999985,['EC'],EC,False,False,False
GraLJ1817+2729,156.1814893,57.14647587,157.4391059,0.83160761,0.864798348,0.824539075,-5.040753512,1.00195396,0.833232538,0.86648813,0.826150192,1.039911538,A,A,EC/F,-,-,-1.2576165999999773,41.88853756,43.14615415999998,[],A,False,False,False
GraLJ203802-400815,142.633725,64.33011429,171.4728773,0.943290867,0.878387012,0.714877572,-0.006566826,1.558674453,1.470283375,1.369119396,1.114261408,0.93119423,EC,A,CM,*,-,-28.839152299999995,13.973496420000004,42.81264872,[],A,True,False,False
H1413+117,178.3423927,86.72225471,159.6496719,1.260319404,1.118789417,0.797831831,8.008857902,0.592039369,0.746158705,0.662367381,0.472347854,0.88770308,EC,EC,-,-,-,18.692720800000018,4.897883280000002,-13.794837520000016,['EC'],EC,False,False,False
HE0435-1223,159.1235275,86.09736212,196.5095186,0.746093857,0.762895193,0.763560869,-4.73269954,1.477942987,1.102684184,1.1275156,1.128499432,1.022519064,EC,EC,-,-,-,-37.38599110000001,-13.071196740000005,24.314794360000008,['EC'],EC,False,False,False
HE1113-0641,131.2402159,76.05743027,199.4473772,0.553952181,0.784855187,0.545539079,-7.160162265,0.457049209,0.253183406,0.358717442,0.249338205,1.416828408,CM,CM,-,-,*,-68.2071613,-20.874644639999985,47.33251666000001,['EC'],EC,True,True,True
HS0810+2554,111.3284501,22.45997658,150.0882468,0.920250671,0.924929445,0.902666355,-1.320089311,0.514129361,0.47312789,0.475533385,0.464087276,1.005084239,F,F,-,-,-,-38.75979670000001,66.40849693999999,105.16829364,['F'],F,False,False,False
HST12531-2914,142.6190356,66.42922348,156.4292235,1.191925845,0.993564032,0.607111875,14.41896602,0.658857151,0.785308866,0.654616767,0.4,0.83357873,EC,CM,-,*,-,-13.810187900000017,9.76058863999998,23.570776539999997,['EC'],EC,False,True,False
HST14113+5211,188.9098932,82.57944678,175.5320486,1.112366796,0.679080658,0.566401873,-9.994543914,1.107962253,1.232460422,0.752395735,0.627551895,0.610482675,EC,EC,-,-,*,13.377844600000003,23.750999640000003,10.37315504,['EC'],EC,False,False,False
HST14176+5226,163.1086561,75.76806063,179.5318735,0.888861728,0.713419389,0.649767663,-5.501071842,1.743435975,1.549673514,1.243801029,1.132828319,0.802621338,EC,EC,-,-,-,-16.4232174,11.572534840000003,27.99575224,['EC'],EC,False,False,False
J0030-1525,91.22387093,16.62938292,153.2733732,0.990705299,1.004435207,0.619201677,3.274273921,1.244273827,1.232708673,1.249792439,0.77045644,1.013858721,F/CM,F/CM,-,-,-,-62.049502270000005,57.96510509,120.01460736000001,['F'],F,False,False,False
J0408-5354,167.485987,39.47601538,120.9239151,0.681908561,0.792533129,0.673794262,-8.564794629,2.502395481,1.706404902,1.983231321,1.686099715,1.162227862,F,F,-,-,-,46.56207189999999,88.53395624,41.97188434,['F'],F,False,False,False
J0420-4037,163.1407334,46.22125218,128.767977,0.901738929,0.892403965,0.854262321,-2.455517298,0.914084157,0.824265269,0.815732326,0.780867653,0.98964782,F,F,-,-,-,34.372756399999986,70.69822903999999,36.32547264,['F'],F,False,False,False
J095930.94+023,141.2202832,39.00219292,120.9115617,0.841859,0.773850081,0.714524215,17.04246869,1.077185685,0.906838464,0.83358023,0.769675256,0.919215784,F/Cm,F,-,*,-,20.30872150000002,63.215897360000014,42.907175859999995,['F'],F,False,False,False
J100140.12+020,120.4076435,24.3411109,131.2660137,0.901720494,0.856699363,0.712337015,12.64084032,0.959720793,0.865399908,0.822192192,0.683644645,0.950071966,F,F,-,-,-,-10.858370199999996,71.7254217,82.5837919,['F'],F,False,False,False
J125856.3-031944,81.6628495,37.13141675,189.215145,0.975965897,1.013978778,0.824525343,-14.97790849,1.049787917,1.024557206,1.064462669,0.865576742,1.038948984,CM,CM,-,-,-,-107.55229550000001,7.400015999999994,114.95231150000001,['CM'],CM,False,False,False
J1606-2333,168.5856519,74.23460948,152.5168541,0.915015228,0.68672312,0.571961477,6.38449381,0.904658328,0.827776146,0.62124979,0.517429714,0.750504581,EC,EC,-,-,-,16.0687978,20.11643293999998,4.047635139999983,['EC'],EC,False,False,False
J2145+6345,120.8038776,36.81102295,159.468306,0.821296482,0.77975128,0.53888868,-3.195898157,1.303928326,1.070911747,1.016739781,0.702672214,0.949415098,F/CM,F,-,*,-,-38.664428400000006,47.181831700000004,85.84626010000001,['F'],F,False,False,False
J2205-3727,175.3481865,51.99248156,114.8899918,0.806758885,0.765267483,0.758471525,-0.614533418,0.910642045,0.734668561,0.696884745,0.690696061,0.948570256,Cm,Cm,-,-,-,60.45819469999999,71.36322338,10.905028680000001,['Cm'],Cm,False,False,False
LSDQ0047-2808,130.8850103,54.34141971,152.7502646,0.919123322,0.943212818,0.819393722,13.81086948,1.274903918,1.171793924,1.202505717,1.044648266,1.02620921,A,A,CM,-,-,-21.865254300000004,22.20217088000001,44.067425180000015,[],A,False,False,False
MG2016+112,150.774978,1.536018529,91.35564519,0.579534562,0.575800727,0.52157548,-8.8477163,2.511035643,1.45523194,1.445856148,1.309694621,0.993557183,F,F,-,-,*,59.41933281,147.702940942,88.283608132,['F'],F,False,False,False
PG1115+080,159.736599,26.91888876,125.1023214,0.755392346,0.672014065,0.817496796,-16.16933736,1.403302907,1.060044276,0.943039291,1.147195631,0.889622549,F,F,-,-,-,34.63427760000002,105.89882148000001,71.26454387999999,['F'],F,False,False,False
PSJ2107-1611,143.1041609,9.897998965,97.06852517,0.883422009,0.917998406,0.631968744,4.567567349,2.574311966,2.27420385,2.363214281,1.6268847,1.039139161,F,F,-,-,-,46.03563573000001,123.30816297000001,77.27252724,['F'],F,False,False,False
RXJ0911+0551,176.9446954,36.65279401,86.28995234,0.318568031,0.300198782,0.267200128,-2.709326204,2.467115166,0.78594402,0.740624967,0.659213487,0.942338064,Cm,Cm,-,-,-,90.65474306,103.63910738,12.984364319999997,['Cm'],Cm,False,False,False
RXJ1131-1231,65.9441485,32.3683306,181.9120127,0.955705373,0.944613561,0.499245768,-3.065762701,2.24116859,2.141896863,2.117038244,1.118893935,0.98839411,CM,CM,-,-,-,-115.9678642,1.2074872999999968,117.17535149999999,['CM'],CM,False,False,False
SDSS0924+0219,148.8938246,47.65048338,136.9647857,0.915825068,0.867653867,0.792228929,6.065579603,0.979026284,0.896616813,0.849455941,0.775612945,0.947401308,F,F,-,-,-,11.929038899999995,53.59285783999999,41.66381894,['F'],F,False,False,False
SDSS1011+0143,190.2638145,91.92540983,176.3690581,0.929205726,0.854615857,0.764455731,-1.718697357,2.070676218,1.924084198,1.76963273,1.582940302,0.919727282,EC,EC,-,-,-,13.894756400000006,6.412994839999982,-7.481761560000024,['EC'],EC,False,False,False
SDSS1138+0314,153.8732449,56.0546127,152.0732096,0.833939381,0.766631708,0.833314265,-0.66222973,0.806655319,0.672701637,0.618407545,0.672197384,0.91928949,A,A,EC/F,-,-,1.8000352999999905,41.7640195,39.96398420000001,[],A,False,False,False
SDSS1402+6321,142.5761549,44.39049342,156.1044285,0.932276868,0.918075854,0.839950992,-7.324489942,1.448067678,1.35,1.329435971,1.216305883,0.984767386,F,F,-,-,-,-13.528273600000006,53.79516806000001,67.32344166000001,['F'],F,False,False,False
SDSSJ002240,77.90277265,36.91211467,177.5151981,0.961418,0.941517667,0.261633285,1.145346088,4.348013914,4.180258844,4.093731916,1.137585162,0.97930106,CM,CM,-,-,-,-99.61242544999999,4.078543310000001,103.69096875999999,['CM'],CM,False,False,False
SDSSJ120602.09,96.03743799,35.12590014,171.6114266,0.958231988,0.973190259,0.708174781,-3.102919539,4.217391729,4.041239661,4.104324549,2.986650465,1.015610281,CM,CM,-,-,-,-75.57398860999999,25.785637710000003,101.35962631999999,['CM'],CM,False,False,False
SDSSJ125107.57+293540.5,177.3241318,41.32406508,88.56101235,0.670508793,0.63870018,0.646519061,0.326261442,1.123979861,0.753638379,0.71788614,0.726674404,0.952560485,Cm,Cm,-,-,-,88.76311945,94.67600164000001,5.912882190000005,['Cm'],Cm,False,False,False
SDSSJ1330+1810,105.7613257,21.45023609,147.8213998,1.091959633,1.080113565,0.676936029,4.202373289,1.026809602,1.121234636,1.10907098,0.695084415,0.989151551,F,F,-,-,-,-42.060074099999994,62.86085352,104.92092761999999,['F'],F,False,False,False
SDSSJ1433+6007,126.6284296,58.69966687,171.448437,0.856386288,0.750239554,0.492322163,3.486043696,2.261578419,1.936784746,1.696725585,1.113425179,0.87605274,CM,CM,-,-,-,-44.82000740000001,9.229095860000001,54.04910326000001,['CM'],CM,False,False,False
SDSSJ1538+5817,117.6726316,87.39229132,207.3498758,0.976631369,0.954368896,0.946148248,1.28721131,1.015135459,0.991413133,0.968813708,0.960468636,0.977204836,CM,CM,-,-,*,-89.6772442,-57.111951039999994,32.56529316000001,['EC'],EC,True,True,True
SDSSJ1640+1932,163.4119184,18.09585858,82.77942538,0.830855016,0.824445199,0.690494768,-2.477629302,2.800036406,2.326424292,2.308476571,1.933410489,0.992285276,F/Cm,F,-,*,-,80.63249301999998,127.22020124,46.58770822,['F'],F,False,False,False
SLACSJ0946+1006,177.098339,84.12704177,172.7679184,0.969858681,0.84057209,0.805824443,-0.635864304,2.334202219,2.263846285,1.962065238,1.880957203,0.866695434,EC,EC,-,-,-,4.3304205999999965,8.84425546,4.513834860000003,['EC'],EC,False,False,False
SLACSJ1205+491,159.115312,27.11153049,90.35367316,0.693215656,0.704194867,0.630285867,7.211694228,1.510380747,1.04701958,1.063602369,0.951971638,1.015838089,F/Cm,F/Cm,-,-,-,68.76163883999999,104.89225101999999,36.13061218,['F'],F,False,False,False
SLACSJ1636+470,128.0272307,21.18834575,136.9108727,0.622768553,0.642649129,0.511912597,-2.519126055,1.726629665,1.075290658,1.109617051,0.883883476,1.031922897,F,F,-,-,-,-8.883642000000009,85.6505392,94.5341812,['F'],F,False,False,False
SLACSJ2300+002,160.8066676,17.51664565,38.49849231,0.749595822,0.735770122,0.731103457,26.40108531,1.480287134,1.109617051,1.089151046,1.082243041,0.981555794,Cm,Cm,-,-,-,122.30817529,125.7733763,3.4652010100000012,['Cm'],Cm,False,False,False
WFI2026-4536,167.8668449,30.07945925,111.7356737,0.779212973,0.666326396,0.756941621,-12.91494281,0.824742086,0.642649733,0.549547422,0.624281611,0.855127442,F,F,-,-,-,56.13117119999998,107.70792639999999,51.57675520000001,['F'],F,False,False,False
WFI2033-4723,134.7633447,33.44394372,122.5185571,0.904061312,0.809099366,0.587003032,16.47907396,1.440476874,1.302279413,1.165488925,0.845564292,0.894960723,F,F,-,-,-,12.24478760000001,67.87545726,55.630669659999995,['F'],F,False,False,False
WG0214-2105,172.5877013,68.86596919,145.6556303,0.890398753,0.788668838,0.802559576,1.926881981,0.981780512,0.874176143,0.774299696,0.787937352,0.885747914,EC,EC,-,-,-,26.93207099999998,34.85576291999999,7.92369192000001,['EC'],EC,False,False,False
WG2100-4452,124.692279,23.19829583,137.4063808,0.943366655,0.912156939,0.770705907,1.836102022,1.434103337,1.352885268,1.30812731,1.105271913,0.966916664,F,F,-,-,-,-12.714101799999995,78.29568734,91.00978914,['F'],F,False,False,False
WISE025942.9-163543,175.0894284,68.45443571,148.7268615,0.921462682,0.842347624,0.838476345,-2.135562457,0.820780711,0.756318796,0.691382682,0.68820521,0.914141875,EC,EC,-,-,-,26.36256689999999,38.180556980000006,11.817990080000015,['EC'],EC,False,False,False
