Name,Comp,Unnamed: 0.1,Unnamed: 0,alias,From,dRA,dDEC,edDEC,edRA,RAJ2000,DEJ2000,eRAJ2000,eDEJ2000,rpos,BibCode,RApdeg,DEpdeg,zsource,zdef,ezsource,ezdef,zsBibCode,zlBibCode,arrival_order
2MASSJ11344050-2103230,A ,0,0,-,2026 Ducourant,0.7521809578509628,-0.7790000000071018,-,-,173.6691022222222,-21.056434166666666,-,-,Gaia_DR3,2018MNRAS.476..927L,173.66910082,-21.05643527,2.77,-,-,-,-,-,CBAD
2MASSJ11344050-2103230,B ,1,1,-,2026 Ducourant,1.4810360922449488,0.9759999999999991,-,-,173.66931916666664,-21.055946666666664,-,-,Gaia_DR3,2018MNRAS.476..927L,173.66931899,-21.05594666,2.77,-,-,-,-,-,CBAD
2MASSJ11344050-2103230,C ,2,2,-,2026 Ducourant,-1.1954620556420334,-1.5520000000037726,-,-,173.66852249999997,-21.056648888888887,-,-,Gaia_DR3,2018MNRAS.476..927L,173.66852069,-21.05665055,2.77,-,-,-,-,-,CBAD
2MASSJ11344050-2103230,D ,3,3,-,2026 Ducourant,-0.4955447977212434,0.5869999999930542,-,-,173.6687308333333,-21.05605472222222,-,-,Gaia_DR3,2018MNRAS.476..927L,173.66872786,-21.0560536,2.77,-,-,-,-,-,CBAD
2MASSJ11344050-2103230,G ,4,4,-,2026 Ducourant,0.0,0.0,-,-,173.6688783333333,-21.056217777777775,-,-,HST,2018MNRAS.476..927L,173.66887847,-21.05621777,2.77,-,-,-,-,-,CBAD
2MASXJ01471020+4630433,A ,5,5,PSJ0147+4630,2026 Ducourant,0.1713619218597835,2.07099999999798,-,-,26.79244055555555,46.51216972222222,-,-,Gaia_DR3,2017ApJ...844...90B,26.79244139,46.5121703,2.377,0.678,-,-,-,-,CBAD
2MASXJ01471020+4630433,B ,6,6,PSJ0147+4630,2026 Ducourant,-1.0735933012112913,1.9729999999981374,-,-,26.79193805555555,46.512142499999996,-,-,Gaia_DR3,2017ApJ...844...90B,26.79193806,46.51214253,2.377,0.678,-,-,-,-,CBAD
2MASXJ01471020+4630433,C ,7,7,PSJ0147+4630,2026 Ducourant,1.339929181267543,1.6580000000004702,-,-,26.79291222222222,46.512055,-,-,Gaia_DR3,2017ApJ...844...90B,26.7929104,46.51205642,2.377,0.678,-,-,-,-,CBAD
2MASXJ01471020+4630433,D ,8,8,PSJ0147+4630,2026 Ducourant,-0.16998833057104065,-1.1629999999968277,-,-,26.792302777777774,46.511271388888886,-,-,Gaia_DR3,2017ApJ...844...90B,26.79230173,46.51127253,2.377,0.678,-,-,-,-,CBAD
2MASXJ01471020+4630433,G ,9,9,PSJ0147+4630,2026 Ducourant,0.0,0.0,-,-,26.792371388888885,46.51159444444444,-,-,HST,2017ApJ...844...90B,26.79237115,46.51159447,2.377,0.678,-,-,-,-,CBAD
ATLASJ2344-3056,A ,10,10,-,2026 Ducourant,0.3876805398657853,-0.1300000000000523,-,-,356.07081388888884,-30.940653888888885,-,-,Gaia_DR3,2017AJ....153..219S,356.07081365,-30.94065393,1.2978,0.9472,-,-,-,-,BDCA
ATLASJ2344-3056,B ,11,11,-,2026 Ducourant,-0.24530204758871568,-0.46799999999507236,-,-,356.07060888888884,-30.940747777777773,-,-,HST,2017AJ....153..219S,356.07060864,-30.94074782,1.2978,0.9472,-,-,-,-,BDCA
ATLASJ2344-3056,C ,12,12,-,2026 Ducourant,-0.4863165249481299,0.18800000000283035,-,-,356.0705308333333,-30.94056555555555,-,-,HST,2017AJ....153..219S,356.07053092,-30.9405656,1.2978,0.9472,-,-,-,-,BDCA
ATLASJ2344-3056,D ,13,13,-,2026 Ducourant,0.09520491967252379,0.5400000000051364,-,-,356.0707191666666,-30.940467777777773,-,-,HST,2017AJ....153..219S,356.07071908,-30.94046782,1.2978,0.9472,-,-,-,-,BDCA
ATLASJ2344-3056,G ,14,14,-,2026 Ducourant,0.0,0.0,-,-,356.0706883333333,-30.940617777777774,-,-,HST,2017AJ....153..219S,356.07068832,-30.94061782,1.2978,0.9472,-,-,-,-,BDCA
B0712+472,A ,15,15,-,2026 Ducourant,-0.8059380071710648,-0.15100000001098124,-,-,109.01513749999998,47.147255555555546,-,-,Publication,1998AJ....115..377F,109.0151375,47.1472555556,1.34,0.41,-,-,-,-,DABC
B0712+472,B ,16,16,-,2026 Ducourant,-0.7549299037544567,-0.31099999999923966,-,-,109.01515833333332,47.147211111111105,-,-,Publication,1998AJ....115..377F,109.0151583333,47.1472111111,1.34,0.41,-,-,-,-,DABC
B0712+472,C ,17,17,-,2026 Ducourant,0.35706028407520884,0.3090000000128157,-,-,109.01561249999999,47.14738333333333,-,-,Publication,1998AJ....115..377F,109.0156125,47.1473833333,1.34,0.41,-,-,-,-,DABC
B0712+472,D ,18,18,-,2026 Ducourant,0.0,-0.8209999999905904,-,-,109.01546666666665,47.14706944444444,-,-,Publication,1998AJ....115..377F,109.0154666667,47.1470694444,1.34,0.41,-,-,-,-,DABC
B0712+472,G ,19,19,-,2026 Ducourant,0.0,0.0,-,-,109.01546666666665,47.14729749999999,-,-,Publication,1998AJ....115..377F,109.01546669,47.1472975,1.34,0.41,-,-,-,-,DABC
B1422+231,A ,20,20,-,2026 Ducourant,-0.3582523457910524,0.9450000000057912,-,-,216.15882416666665,22.933580277777775,-,-,Gaia_DR3,1992MNRAS.259P...1P,216.1587083,22.9335,3.62,0.3366,-,-,-,-,CABD
B1422+231,B ,21,21,-,2026 Ducourant,-0.7432129332814733,0.6280000000089103,-,-,216.15870805555554,22.93349222222222,-,-,Gaia_DR3,1992MNRAS.259P...1P,216.1587083,22.9335,3.62,0.3366,-,-,-,-,CABD
B1422+231,C ,22,22,-,2026 Ducourant,-1.0793641879785354,-0.12299999999640931,-,-,216.15860666666663,22.933283611111108,-,-,Gaia_DR3,1992MNRAS.259P...1P,216.158607,22.9332917,3.62,0.3366,-,-,-,-,CABD
B1422+231,D ,23,23,-,2026 Ducourant,0.20261104622089676,-0.17399999999554439,-,-,216.1589933333333,22.93326944444444,-,-,Gaia_DR3,1992MNRAS.259P...1P,216.1589943,22.9332772,3.62,0.3366,-,-,-,-,CABD
B1422+231,G ,24,24,-,2026 Ducourant,0.0,0.0,-,-,216.1589322222222,22.933317777777773,-,-,Publication,1992MNRAS.259P...1P,216.1589321,22.9333178,3.62,0.3366,-,-,-,-,CABD
B1555+375,A ,25,25,-,2026 Ducourant,0.16453160041780257,0.24000000000796717,-,-,239.2997708333333,37.35998166666666,-,-,Publication,1999AJ....118..654M,239.29975,37.36,-,-,-,-,-,-,CABD
B1555+375,B ,26,26,-,2026 Ducourant,0.09220126659286894,0.28899999999509873,-,-,239.29974555555552,37.35999527777777,-,-,Publication,1999AJ....118..654M,239.2997083333,37.36,-,-,-,-,-,-,CABD
B1555+375,C ,27,27,-,2026 Ducourant,-0.24957936177177328,0.21199999999339525,-,-,239.29962611111108,37.35997388888888,-,-,Publication,1999AJ....118..654M,239.299625,37.3599722222,-,-,-,-,-,-,CABD
B1555+375,D ,28,28,-,2026 Ducourant,0.0063587174237742265,-0.1079999999831216,-,-,239.29971555555554,37.359885,-,-,Publication,1999AJ....118..654M,239.2997083333,37.3598888889,-,-,-,-,-,-,CABD
B1555+375,G ,29,29,-,2026 Ducourant,0.0,0.0,-,-,239.2997133333333,37.359914999999994,-,-,Publication,1999AJ....118..654M,239.2996475,37.3599319,-,-,-,-,-,-,CABD
COSMOS5921+0638,A ,30,30,-,2026 Ducourant,0.7015237566888732,-0.13200000000086476,-,-,149.840895,2.110610555555555,-,-,Publication,2009A&A...507...35A,149.84089513,2.11061056,3.14,0.551,-,-,-,-,CABD
COSMOS5921+0638,B ,31,31,-,2026 Ducourant,0.6175806863647356,0.3820000000001045,-,-,149.84087166666666,2.1107533333333333,-,-,Publication,2009A&A...507...35A,149.84087151,2.11075333,3.14,0.551,-,-,-,-,CABD
COSMOS5921+0638,C ,32,32,-,2026 Ducourant,-0.06795385773132111,0.7269999999987675,-,-,149.84068111111108,2.110849166666666,-,-,Publication,2009A&A...507...35A,149.84068138,2.11084917,3.14,0.551,-,-,-,-,CABD
COSMOS5921+0638,D ,33,33,-,2026 Ducourant,-0.46768253569191526,-0.5070000000005237,-,-,149.84056999999999,2.1105063888888886,-,-,Publication,2009A&A...507...35A,149.84056991,2.11050639,3.14,0.551,-,-,-,-,CABD
COSMOS5921+0638,G ,34,34,-,2026 Ducourant,0.0,0.0,-,-,149.84069999999997,2.110647222222222,-,-,Publication,2009A&A...507...35A,149.8407,2.11064722,3.14,0.551,-,-,-,-,CABD
DESJ0029-3814,A ,35,35,-,2026 Ducourant,-0.8411838803342712,0.2260000000006812,-,-,7.418971666666666,-38.240541388888886,-,-,Gaia_DR3,2023MNRAS.518.1260S,7.4189718,-38.24054133,2.821,0.863,-,-,-,-,CABD
DESJ0029-3814,B ,36,36,-,2026 Ducourant,-0.4578983670322558,-0.33499999998980456,-,-,7.419107222222221,-38.24069722222222,-,-,HST,2023MNRAS.518.1260S,7.41910725,-38.24069716,2.821,0.863,-,-,-,-,CABD
DESJ0029-3814,C ,37,37,-,2026 Ducourant,1.2904407391446429,-0.35799999999994725,-,-,7.419725555555555,-38.24070361111111,-,-,HST,2023MNRAS.518.1260S,7.41972547,-38.24070355,2.821,0.863,-,-,-,-,CABD
DESJ0029-3814,D ,38,38,-,2026 Ducourant,-0.18692997473020556,0.5390000000119244,-,-,7.419203055555554,-38.24045444444444,-,-,HST,2023MNRAS.518.1260S,7.4192031,-38.24045439,2.821,0.863,-,-,-,-,CABD
DESJ0029-3814,G ,39,39,-,2026 Ducourant,0.0,0.0,-,-,7.419269166666666,-38.240604166666664,-,-,HST,2023MNRAS.518.1260S,7.41926923,-38.24060411,2.821,0.863,-,-,-,-,CABD
DESJ0053-2012,A ,40,40,-,2026 Ducourant,-1.0022495050040545,-1.5430000000009159,-,-,13.434655833333332,-20.20948194444444,-,-,Gaia_DR3,2020MNRAS.494.3491L,13.43465597,-20.209481,3.8,-,-,-,-,-,ACBD
DESJ0053-2012,B ,41,41,-,2026 Ducourant,1.1139241344755269,-1.160000000004402,-,-,13.43528222222222,-20.209375555555553,-,-,Gaia_DR3,2020MNRAS.494.3491L,13.43528201,-20.20937545,3.8,-,-,-,-,-,ACBD
DESJ0053-2012,C ,42,42,-,2026 Ducourant,1.845907058046319,-0.41700000000872706,-,-,13.435498888888887,-20.209169166666666,-,-,Gaia_DR3,2020MNRAS.494.3491L,13.43549602,-20.20916906,3.8,-,-,-,-,-,ACBD
DESJ0053-2012,D ,43,43,-,2026 Ducourant,-0.10698209922586366,0.6069999999979814,-,-,13.434920833333331,-20.20888472222222,-,-,HST,2020MNRAS.494.3491L,13.43492089,-20.20888461,3.8,-,-,-,-,-,ACBD
DESJ0053-2012,G ,44,44,-,2026 Ducourant,0.0,0.0,-,-,13.434952499999998,-20.20905333333333,-,-,HST,2020MNRAS.494.3491L,13.43495256,-20.20905322,3.8,-,-,-,-,-,ACBD
DESJ040559.80-330851.4,A ,45,45,1805.12151,2026 Ducourant,-0.5149188659204713,0.46100000000421915,-,-,61.49882749999999,-33.14742083333333,-,-,Gaia_DR3,2018MNRAS.480.5017A,61.49882737,-33.14742092,1.713,-,-,-,-,-,BACD
DESJ040559.80-330851.4,B ,46,46,1805.12151,2026 Ducourant,0.7133494332166964,-0.23900000000196542,-,-,61.49923499999999,-33.147615277777774,-,-,Gaia_DR3,2018MNRAS.480.5017A,61.49923213,-33.14761397,1.713,-,-,-,-,-,BACD
DESJ040559.80-330851.4,C ,47,47,1805.12151,2026 Ducourant,0.3642110527642564,0.5890000000050577,-,-,61.49911916666666,-33.14738527777777,-,-,Gaia_DR3,2018MNRAS.480.5017A,61.49911866,-33.14738203,1.713,-,-,-,-,-,BACD
DESJ040559.80-330851.4,D ,48,48,1805.12151,2026 Ducourant,-0.36002340906770874,-0.5600000000100636,-,-,61.49887888888888,-33.14770444444444,-,-,HST,2018MNRAS.480.5017A,61.49887879,-33.14770453,1.713,-,-,-,-,-,BACD
DESJ040559.80-330851.4,G ,49,49,1805.12151,2026 Ducourant,0.0,0.0,-,-,61.498998333333326,-33.147548888888885,-,-,HST,2018MNRAS.480.5017A,61.49899823,-33.14754897,1.713,-,-,-,-,-,BACD
DESJ0530-3730,A ,50,50,-,2026 Ducourant,0.2808352049473273,-0.18999999998925432,-,-,82.65431916666665,-37.50315777777777,-,-,Gaia_DR3,2023MNRAS.518.1260S,82.65431587,-37.50315838,2.838,-,-,-,-,-,BDCA
DESJ0530-3730,B ,51,51,-,2026 Ducourant,-0.7005020921643506,0.0860000000045602,-,-,82.65397555555555,-37.50308111111111,-,-,Gaia_DR3,2023MNRAS.518.1260S,82.65397238,-37.5030806,2.838,-,-,-,-,-,BDCA
DESJ0530-3730,C ,52,52,-,2026 Ducourant,-0.4688533169608673,0.5680000000069185,-,-,82.65405666666666,-37.50294722222222,-,-,HST,2023MNRAS.518.1260S,82.65405676,-37.50294726,2.838,-,-,-,-,-,BDCA
DESJ0530-3730,D ,53,53,-,2026 Ducourant,-0.34350852388381975,0.6360000000057653,-,-,82.65410055555554,-37.50292833333333,-,-,Gaia_DR3,2023MNRAS.518.1260S,82.65410053,-37.50292838,2.838,-,-,-,-,-,BDCA
DESJ0530-3730,G ,54,54,-,2026 Ducourant,0.0,0.0,-,-,82.65422083333333,-37.503105,-,-,HST,2023MNRAS.518.1260S,82.65422063,-37.50310504,2.838,-,-,-,-,-,BDCA
G2237+0305,A ,55,55,-,2026 Ducourant,-0.05989696114227886,-0.8879999999994226,-,-,340.1259530555555,3.3583411111111108,-,-,Gaia_DR3,1985AJ.....90..691H,340.1264167,3.358,1.695,0.0394,-,-,-,-,BADC
G2237+0305,B ,56,56,-,2026 Ducourant,-0.7297442913692821,0.804000000000471,-,-,340.1257666666666,3.3588111111111107,-,-,Gaia_DR3,1985AJ.....90..691H,340.1262294,3.3584714,1.695,0.0394,-,-,-,-,BADC
G2237+0305,C ,57,57,-,2026 Ducourant,0.561034676951686,0.313999999999659,-,-,340.1261258333333,3.3586749999999994,-,-,Gaia_FPR,1985AJ.....90..691H,340.126125,3.35863888889,1.695,0.0394,-,-,-,-,BADC
G2237+0305,D ,58,58,-,2026 Ducourant,-0.9194182153181032,-0.3629999999995803,-,-,340.12571388888887,3.358486944444444,-,-,Gaia_FPR,1985AJ.....90..691H,340.12570833333,3.35844444444,1.695,0.0394,-,-,-,-,BADC
G2237+0305,G ,59,59,-,2026 Ducourant,0.0,0.0,-,-,340.1259697222222,3.3585877777777773,-,-,Gaia_FPR,1985AJ.....90..691H,340.12595833333,3.35855555556,1.695,0.0394,-,-,-,-,BADC
GraLJ024848742+191330571,A ,60,60,-,2026 Ducourant,-0.6534085438281325,-0.20599999999575402,-,-,42.202978888888886,19.225136666666664,-,-,Gaia_DR3,2019A&A...622A.165D,42.20297881,19.22513656,2.424,1.037,-,-,-,-,CBAD
GraLJ024848742+191330571,B ,61,61,-,2026 Ducourant,-0.5061076331061394,0.6340000000065515,-,-,42.203022222222216,19.225369999999998,-,-,Gaia_DR3,2019A&A...622A.165D,42.20302147,19.22536823,2.424,1.037,-,-,-,-,CBAD
GraLJ024848742+191330571,C ,62,62,-,2026 Ducourant,0.3531431255669612,-0.8049999999968804,-,-,42.203275,19.224970277777775,-,-,Gaia_DR3,2019A&A...622A.165D,42.203273,19.22496628,2.424,1.037,-,-,-,-,CBAD
GraLJ024848742+191330571,D ,63,63,-,2026 Ducourant,0.3984653676523471,0.5899999999982697,-,-,42.203288333333326,19.225357777777774,-,-,HST,2019A&A...622A.165D,42.20328829,19.22535767,2.424,1.037,-,-,-,-,CBAD
GraLJ024848742+191330571,G ,64,64,-,2026 Ducourant,0.0,0.0,-,-,42.203171111111104,19.225193888888885,-,-,HST,2019A&A...622A.165D,42.20317121,19.22519378,2.424,1.037,-,-,-,-,CBAD
GraLJ065904.1+162909,A ,65,65,-,2026 Ducourant,1.884215835508161,1.0399999999876286,-,-,104.76731833333332,16.486128888888885,-,-,Gaia_DR3,2021ApJ...921...42S,104.76731828,16.48612882,3.083,0.766,-,-,-,-,CADB
GraLJ065904.1+162909,B ,66,66,-,2026 Ducourant,1.7998385595846893,-0.8610000000004447,-,-,104.76729388888887,16.485600833333333,-,-,Gaia_DR3,2021ApJ...921...42S,104.76729452,16.48560049,3.083,0.766,-,-,-,-,CADB
GraLJ065904.1+162909,C ,67,67,-,2026 Ducourant,-2.865167928071091,-1.196000000003039,-,-,104.76594249999998,16.485507777777777,-,-,Gaia_DR3,2021ApJ...921...42S,104.76594082,16.48550688,3.083,0.766,-,-,-,-,CADB
GraLJ065904.1+162909,D ,68,68,-,2026 Ducourant,0.8188895913834504,2.025999999996486,-,-,104.76700972222221,16.486402777777776,-,-,Gaia_DR3,2021ApJ...921...42S,104.7670086,16.48640077,3.083,0.766,-,-,-,-,CADB
GraLJ065904.1+162909,G ,69,69,-,2026 Ducourant,0.0,0.0,-,-,104.76677249999999,16.48584,-,-,HST,2021ApJ...921...42S,104.76677251,16.48583993,3.083,0.766,-,-,-,-,CADB
GraLJ081828.3-261325,A ,70,70,-,2026 Ducourant,-1.6048562918942573,-4.14199999999596,-,-,124.61718888888888,-26.224575277777774,-,-,Gaia_DR3,2021ApJ...921...42S,124.61718842,-26.22458208,2.164,0.866,-,-,-,-,ADCB
GraLJ081828.3-261325,B ,71,71,-,2026 Ducourant,-1.1473664170815427,1.431999999999789,-,-,124.61733055555554,-26.22302694444444,-,-,Gaia_DR3,2021ApJ...921...42S,124.61732653,-26.22303069,2.164,0.866,-,-,-,-,ADCB
GraLJ081828.3-261325,C ,72,72,-,2026 Ducourant,2.763893562510219,-0.47100000000028786,-,-,124.61854166666664,-26.223555555555553,-,-,Gaia_DR3,2021ApJ...921...42S,124.61853291,-26.22356069,2.164,0.866,-,-,-,-,ADCB
GraLJ081828.3-261325,D ,73,73,-,2026 Ducourant,2.892180052261994,0.18200000000518912,-,-,124.61858138888887,-26.223374166666662,-,-,Gaia_DR3,2021ApJ...921...42S,124.61858122,-26.2233743,2.164,0.866,-,-,-,-,ADCB
GraLJ081828.3-261325,G ,74,74,-,2026 Ducourant,0.0,0.0,-,-,124.61768583333331,-26.22342472222222,-,-,HST,2021ApJ...921...42S,124.61768572,-26.22342486,2.164,0.866,-,-,-,-,ADCB
GraLJ113100013-441959935,A ,75,75,-,2026 Ducourant,0.7639268696858503,0.40100000000222735,-,-,172.75031249999998,-44.33324805555555,-,-,Gaia_DR3,2019A&A...622A.165D,172.75031348,-44.33324935,1.09,-,-,-,-,-,CABD
GraLJ113100013-441959935,B ,76,76,-,2026 Ducourant,0.4227354694525289,0.7290000000011787,-,-,172.75017999999997,-44.33315694444444,-,-,Gaia_DR3,2019A&A...622A.165D,172.75018028,-44.33315296,1.09,-,-,-,-,-,CABD
GraLJ113100013-441959935,C ,77,77,-,2026 Ducourant,-0.869073687520029,0.2990000000039572,-,-,172.74967833333332,-44.33327638888888,-,-,Gaia_DR3,2019A&A...622A.165D,172.74967854,-44.33327629,1.09,-,-,-,-,-,CABD
GraLJ113100013-441959935,D ,78,78,-,2026 Ducourant,0.07009776395301807,-0.786999999991167,-,-,172.75004305555552,-44.33357805555555,-,-,Gaia_DR3,2019A&A...622A.165D,172.75004863,-44.33357935,1.09,-,-,-,-,-,CABD
GraLJ113100013-441959935,G ,79,79,-,2026 Ducourant,0.0,0.0,-,-,172.75001583333332,-44.33335944444444,-,-,HST,2019A&A...622A.165D,172.75001601,-44.33335935,1.09,-,-,-,-,-,CABD
GraLJ1537-3010,A ,80,80,-,2026 Ducourant,1.3953428178240521,-0.785000000004743,-,-,234.35604555555554,-30.17152694444444,-,-,Gaia_DR3,2019A&A...622A.165D,234.35604546,-30.17152689,1.721,0.592,-,-,-,-,CADB
GraLJ1537-3010,B ,81,81,-,2026 Ducourant,-0.6034376858434922,-1.0990000000091982,-,-,234.3554033333333,-30.171614166666664,-,-,Gaia_DR3,2019A&A...622A.165D,234.35541506,-30.17161328,1.721,0.592,-,-,-,-,CADB
GraLJ1537-3010,C ,82,82,-,2026 Ducourant,-1.447221024168058,0.8639999999928705,-,-,234.35513222222218,-30.171068888888886,-,-,Gaia_DR3,2019A&A...622A.165D,234.35513199,-30.17107217,1.721,0.592,-,-,-,-,CADB
GraLJ1537-3010,D ,83,83,-,2026 Ducourant,0.6769262223280631,0.999999999990564,-,-,234.3558147222222,-30.17103111111111,-,-,HST,2019A&A...622A.165D,234.35581444,-30.17103106,1.721,0.592,-,-,-,-,CADB
GraLJ1537-3010,G ,84,84,-,2026 Ducourant,0.0,0.0,-,-,234.3555972222222,-30.171308888888884,-,-,HST,2019A&A...622A.165D,234.35559692,-30.17130884,1.721,0.592,-,-,-,-,CADB
GraLJ1817+2729,A ,85,85,-,2026 Ducourant,0.5615052436507207,0.6060000000047694,-,-,274.3786883333333,27.494631111111108,-,-,Gaia_DR3,2019A&A...622A.165D,274.37869267,27.49463067,3.074,0.408,-,-,-,-,CBDA
GraLJ1817+2729,B ,86,86,-,2026 Ducourant,-0.7025471250345787,0.44800000000293494,-,-,274.3782925,27.49458722222222,-,-,Gaia_DR3,2019A&A...622A.165D,274.37829247,27.49458733,3.074,0.408,-,-,-,-,CBDA
GraLJ1817+2729,C ,87,87,-,2026 Ducourant,0.5552978826507559,-0.8339999999918746,-,-,274.37868638888887,27.49423111111111,-,-,Gaia_DR3,2019A&A...622A.165D,274.37868766,27.49423039,3.074,0.408,-,-,-,-,CBDA
GraLJ1817+2729,D ,88,88,-,2026 Ducourant,-0.7877059603856227,-0.360999999992373,-,-,274.3782658333333,27.494362499999998,-,-,HST,2019A&A...622A.165D,274.37826585,27.49436261,3.074,0.408,-,-,-,-,CBDA
GraLJ1817+2729,G ,89,89,-,2026 Ducourant,0.0,0.0,-,-,274.37851249999994,27.494462777777773,-,-,HST,2019A&A...622A.165D,274.37851261,27.49446289,3.074,0.408,-,-,-,-,CBDA
GraLJ203802-400815,A ,90,90,-,2026 Ducourant,-0.6857571866551675,-1.1850000000009686,-,-,309.51107249999995,-40.13740166666666,-,-,Gaia_DR3,2018A&A...616L..11K,309.51107136,-40.13740189,0.775,0.2283,-,-,-,-,CBAD
GraLJ203802-400815,B ,91,91,-,2026 Ducourant,0.8279542276126125,-1.2150000000019645,-,-,309.5116225,-40.137409999999996,-,-,Gaia_DR3,2018A&A...616L..11K,309.51162256,-40.13740995,0.775,0.2283,-,-,-,-,CBAD
GraLJ203802-400815,C ,92,92,-,2026 Ducourant,-1.4793191165143875,0.49100000000521504,-,-,309.5107841666666,-40.136936111111105,-,-,Gaia_DR3,2018A&A...616L..11K,309.51078251,-40.13693495,0.775,0.2283,-,-,-,-,CBAD
GraLJ203802-400815,D ,93,93,-,2026 Ducourant,0.694937036519095,0.8710000000093032,-,-,309.5115741666666,-40.13683055555555,-,-,Gaia_DR3,2018A&A...616L..11K,309.51157678,-40.13683245,0.775,0.2283,-,-,-,-,CBAD
GraLJ203802-400815,G ,94,94,-,2026 Ducourant,0.0,0.0,-,-,309.5113216666666,-40.137072499999995,-,-,HST,2018A&A...616L..11K,309.51132171,-40.13707245,0.775,0.2283,-,-,-,-,CBAD
H1413+117,A ,95,95,-,2026 Ducourant,-0.04703716833005984,-0.470000000000681,-,-,213.94261166666664,11.495313888888887,-,-,Gaia_DR3,1988Natur.334..325M,213.9433333,11.4948333,2.551,1.66,-,-,-,-,CBDA
H1413+117,B ,96,96,-,2026 Ducourant,0.687918464401198,-0.2890000000014936,-,-,213.94281999999998,11.495364166666665,-,-,Gaia_DR3,1988Natur.334..325M,213.9435442,11.49488,2.551,1.66,-,-,-,-,CBDA
H1413+117,C ,97,97,-,2026 Ducourant,-0.5389671740185897,0.24499999999960664,-,-,213.9424722222222,11.495512499999998,-,-,Gaia_DR3,1988Natur.334..325M,213.9431939,11.4950314,2.551,1.66,-,-,-,-,CBDA
H1413+117,D ,98,98,-,2026 Ducourant,0.2910421736142851,0.5950000000026989,-,-,213.94270749999998,11.495609722222222,-,-,Gaia_FPR,1988Natur.334..325M,213.94270833,11.49555556,2.551,1.66,-,-,-,-,CBDA
H1413+117,G ,99,99,-,2026 Ducourant,0.0,0.0,-,-,213.94262499999996,11.495444444444443,-,-,Publication,1988Natur.334..325M,213.942625,11.4954444,2.551,1.66,-,-,-,-,CBDA
HE0435-1223,A ,100,100,-,2026 Ducourant,1.3640214335495506,0.5690000000001305,-,-,69.56230444444444,-12.287314166666665,-,-,Gaia_DR3,2002A&A...395...17W,69.5620833,-12.2873333,1.689,0.455,-,-,-,-,ACBD
HE0435-1223,B ,101,101,-,2026 Ducourant,-0.11138863485133993,1.1220000000001562,-,-,69.56188499999999,-12.287160555555554,-,-,Gaia_DR3,2002A&A...395...17W,69.561382,-12.2875008,1.689,0.455,-,-,-,-,ACBD
HE0435-1223,C ,102,102,-,2026 Ducourant,-1.1021598835151034,-0.03399999999942338,-,-,69.56160333333332,-12.287481666666665,-,-,Gaia_DR3,2002A&A...395...17W,69.5616637,-12.2871797,1.689,0.455,-,-,-,-,ACBD
HE0435-1223,D ,103,103,-,2026 Ducourant,0.42601169875509864,-1.0449999999984527,-,-,69.56203777777777,-12.287762499999998,-,-,Gaia_DR3,2002A&A...395...17W,69.5618164,-12.2877817,1.689,0.455,-,-,-,-,ACBD
HE0435-1223,G ,104,104,-,2026 Ducourant,0.0,0.0,-,-,69.56191666666666,-12.28747222222222,-,-,Publication,2002A&A...395...17W,69.56191667,-12.28747222,1.689,0.455,-,-,-,-,ACBD
HE1113-0641,A ,105,105,-,2026 Ducourant,-0.07135023566614448,0.5241599999990854,-,-,169.0981608333333,-6.96079611111111,-,-,Gaia_DR3,2008AJ....135..374B,169.0980217,-6.9606044,1.235,-,-,-,-,-,ABDC
HE1113-0641,B ,106,106,-,2026 Ducourant,0.44680236200953444,0.10007999999928074,-,-,169.09801749999997,-6.960683888888888,-,-,Gaia_DR3,2008AJ....135..374B,169.0981667,-6.9607222,1.235,-,-,-,-,-,ABDC
HE1113-0641,C ,107,107,-,2026 Ducourant,-0.148894404936275,-0.20000001600131156,-,-,169.09799999999998,-6.960805555555555,-,-,Gaia_FPR,2008AJ....135..374B,169.098,-6.96080555556,1.235,-,-,-,-,-,ABDC
HE1113-0641,D ,108,108,-,2026 Ducourant,0.2977888446271491,0.20000001600131156,-,-,169.09812499999998,-6.960694444444443,-,-,Publication,2008AJ....135..374B,169.098125,-6.96069444444,1.235,-,-,-,-,-,ABDC
HE1113-0641,G ,109,109,-,2026 Ducourant,0.0,0.0,-,-,169.09804166666663,-6.960749999999999,-,-,Publication,2008AJ....135..374B,169.09804166667,-6.96075,1.235,-,-,-,-,-,ABDC
HST12531-2914,A ,110,110,-,2026 Ducourant,0.0,0.3999999999962256,-,-,193.2774583333333,-29.241749999999996,-,-,Publication,1995ApJ...453L...5R,193.27745833333,-29.24175,-,0.079,-,-,-,-,CBDA
HST12531-2914,B ,111,111,-,2026 Ducourant,-0.7853088663865505,0.0,-,-,193.2772083333333,-29.241861111111106,-,-,Publication,1995ApJ...453L...5R,193.27720833333,-29.24186111111,-,0.079,-,-,-,-,CBDA
HST12531-2914,C ,112,112,-,2026 Ducourant,0.5235386758940597,-0.40000000000901537,-,-,193.27762499999997,-29.24197222222222,-,-,Publication,1995ApJ...453L...5R,193.277625,-29.24197222222,-,0.079,-,-,-,-,CBDA
HST12531-2914,D ,113,113,-,2026 Ducourant,-0.26176919580367103,-0.6000000000071282,-,-,193.27737499999998,-29.242027777777775,-,-,Publication,1995ApJ...453L...5R,193.277375,-29.24202777778,-,0.079,-,-,-,-,CBDA
HST12531-2914,G ,114,114,-,2026 Ducourant,0.0,0.0,-,-,193.2774583333333,-29.241861111111106,-,-,Publication,1995ApJ...453L...5R,193.27745833333,-29.24186111111,-,0.079,-,-,-,-,CBDA
HST14113+5211,A ,115,115,-,2026 Ducourant,1.1034402364405556,-0.10000000001184617,-,-,212.8324583333333,52.19163888888888,-,-,Publication,1998ApJ...503L.127F,212.83245833333,52.19163888889,2.811,0.4641,-,-,-,-,ACDB
HST14113+5211,B ,116,116,-,2026 Ducourant,0.1839059016788119,0.5999999999943384,-,-,212.83204166666664,52.19183333333333,-,-,Publication,1998ApJ...503L.127F,212.83204166667,52.19183333333,2.811,0.4641,-,-,-,-,ACDB
HST14113+5211,C ,117,117,-,2026 Ducourant,-1.195390601888819,0.29999999998437943,-,-,212.83141666666663,52.19174999999999,-,-,Publication,1998ApJ...503L.127F,212.83141666667,52.19175,2.811,0.4641,-,-,-,-,ACDB
HST14113+5211,D ,118,118,-,2026 Ducourant,-0.27586109336509895,-0.7000000000061846,-,-,212.8318333333333,52.19147222222222,-,-,Publication,1998ApJ...503L.127F,212.83183333333,52.19147222222,2.811,0.4641,-,-,-,-,ACDB
HST14113+5211,G ,119,119,-,2026 Ducourant,0.0,0.0,-,-,212.83195833333332,52.19166666666666,-,-,Publication,1998ApJ...503L.127F,212.83195833333,52.19166666667,2.811,0.4641,-,-,-,-,ACDB
J0030-1525,A ,120,120,-,2026 Ducourant,0.8560422628334157,-0.9029999999967231,-,-,7.563826388888888,-15.418080277777776,-,-,Gaia_DR3,2018MNRAS.479.5060L,7.56382286,-15.4180872,3.36,-,-,-,-,-,ACDB
J0030-1525,B ,121,121,-,2026 Ducourant,-0.7702461456511125,-0.01799999999931856,-,-,7.563357777777777,-15.417834444444443,-,-,HST,2018MNRAS.479.5060L,7.56335779,-15.41783442,3.36,-,-,-,-,-,ACDB
J0030-1525,C ,122,122,-,2026 Ducourant,0.8762885792983554,0.8670000000044809,-,-,7.563832222222222,-15.417588611111109,-,-,Gaia_DR3,2018MNRAS.479.5060L,7.56383208,-15.41758859,3.36,-,-,-,-,-,ACDB
J0030-1525,D ,123,123,-,2026 Ducourant,1.102831419986384,0.5880000000054508,-,-,7.563897499999999,-15.417666111111108,-,-,HST,2018MNRAS.479.5060L,7.56389749,-15.41766609,3.36,-,-,-,-,-,ACDB
J0030-1525,G ,124,124,-,2026 Ducourant,0.0,0.0,-,-,7.563579722222221,-15.417829444444443,-,-,HST,2018MNRAS.479.5060L,7.56357966,-15.41782942,3.36,-,-,-,-,-,ACDB
J0408-5354,A ,125,125,1702.00406,2026 Ducourant,2.137002372620063,-1.3020000000125265,-,-,62.091424722222214,-53.90025055555555,-,-,Gaia_DR3,2017ApJ...838L..15L,62.0895958,-53.899776,2.375,0.597,-,-,-,-,ABCD
J0408-5354,B ,126,126,1702.00406,2026 Ducourant,-1.6149974265388,0.5510000000072068,-,-,62.089655833333325,-53.899735833333324,-,-,Gaia_DR3,2017ApJ...838L..15L,62.0913333,-53.900266,2.375,0.597,-,-,-,-,ABCD
J0408-5354,C ,127,127,1702.00406,2026 Ducourant,-1.8559648362047312,-0.6990000000001828,-,-,62.089542222222214,-53.90008305555555,-,-,Publication,2017ApJ...838L..15L,62.089542,-53.900083,2.375,0.597,-,-,-,-,ABCD
J0408-5354,D ,128,128,1702.00406,2026 Ducourant,0.30108346011693177,1.659000000006472,-,-,62.09055916666666,-53.899428055555546,-,-,Gaia_DR3,2017ApJ...838L..15L,62.0913333,-53.900266,2.375,0.597,-,-,-,-,ABCD
J0408-5354,G1,129,129,1702.00406,2026 Ducourant,0.0,0.0,-,-,62.090417222222214,-53.89988888888888,-,-,Publication,2017ApJ...838L..15L,62.090417,-53.899889,2.375,0.597,-,-,-,-,ABCD
J0420-4037,A ,130,130,-,2026 Ducourant,-0.6990352576921007,-0.3480000000166683,-,-,65.19465888888888,-40.62423833333333,-,-,Gaia_DR3,2019MNRAS.483.5649S,65.19465866,-40.6242384,2.4,0.358,-,-,-,-,CBDA
J0420-4037,B ,131,131,-,2026 Ducourant,-0.4599535117559641,0.6839999999868951,-,-,65.19474638888887,-40.62395166666666,-,-,Gaia_DR3,2019MNRAS.483.5649S,65.19474906,-40.62395396,2.4,0.358,-,-,-,-,CBDA
J0420-4037,C ,132,132,-,2026 Ducourant,0.7081425315733499,-0.578000000015777,-,-,65.19517388888887,-40.62430222222222,-,-,HST,2019MNRAS.483.5649S,65.19517359,-40.62430229,2.4,0.358,-,-,-,-,CBDA
J0420-4037,D ,133,133,-,2026 Ducourant,0.17381089719417572,0.7970000000000255,-,-,65.19497833333332,-40.62392027777777,-,-,HST,2019MNRAS.483.5649S,65.19497816,-40.62392035,2.4,0.358,-,-,-,-,CBDA
J0420-4037,G ,134,134,-,2026 Ducourant,0.0,0.0,-,-,65.19491472222221,-40.62414166666666,-,-,HST,2019MNRAS.483.5649S,65.19491448,-40.62414173,2.4,0.358,-,-,-,-,CBDA
J125856.3-031944,A ,135,135,-,2026 Ducourant,0.9204441685986086,-0.45000000000054996,-,-,194.73486999999997,-3.3290055555555553,-,-,Publication,2025AJ....170..241S,194.73486993,-3.32900556,2.225,-,-,-,-,-,CABD
J125856.3-031944,B ,136,136,-,2026 Ducourant,0.48018826750356725,-0.9499999999990294,-,-,194.73474749999997,-3.329144444444444,-,-,Publication,2025AJ....170..241S,194.7347475,-3.32914444,2.225,-,-,-,-,-,CABD
J125856.3-031944,C ,137,137,-,2026 Ducourant,-0.3194599656751896,-1.0000000000001563,-,-,194.73452499999996,-3.329158333333333,-,-,Publication,2025AJ....170..241S,194.7345249,-3.32915833,2.225,-,-,-,-,-,CABD
J125856.3-031944,D ,138,138,-,2026 Ducourant,-0.509139564290951,0.6999999999997897,-,-,194.7344722222222,-3.328686111111111,-,-,Publication,2025AJ....170..241S,194.73447203,-3.32868611,2.225,-,-,-,-,-,CABD
J125856.3-031944,G ,139,139,-,2026 Ducourant,0.0,0.0,-,-,194.73461388888887,-3.328880555555555,-,-,Publication,2025AJ....170..241S,194.73461394,-3.32888056,2.225,-,-,-,-,-,CABD
J1606-2333,A ,140,140,-,2026 Ducourant,0.8167531394053075,0.38899999999415513,-,-,241.5012283333333,-23.555959166666664,-,-,Gaia_DR3,2018MNRAS.479.5060L,241.50122848,-23.55595912,1.696,-,-,-,-,-,ABDC
J1606-2333,B ,141,141,-,2026 Ducourant,-0.8030020851910741,-0.20100000000411455,-,-,241.50073749999996,-23.556123055555553,-,-,Gaia_DR3,2018MNRAS.479.5060L,241.50073848,-23.55612218,1.696,-,-,-,-,-,ABDC
J1606-2333,C ,142,142,-,2026 Ducourant,0.021083374007756558,-0.5170000000077835,-,-,241.5009872222222,-23.55621083333333,-,-,Gaia_DR3,2018MNRAS.479.5060L,241.50099,-23.55621023,1.696,-,-,-,-,-,ABDC
J1606-2333,D ,143,143,-,2026 Ducourant,-0.3089179520169024,0.5389999999991346,-,-,241.5008872222222,-23.555917499999996,-,-,Gaia_DR3,2018MNRAS.479.5060L,241.50088787,-23.55591662,1.696,-,-,-,-,-,ABDC
J1606-2333,G ,144,144,-,2026 Ducourant,0.0,0.0,-,-,241.5009808333333,-23.556067222222218,-,-,HST,2018MNRAS.479.5060L,241.5009809,-23.55606718,1.696,-,-,-,-,-,ABDC
J2145+6345,A ,145,145,-,2026 Ducourant,1.0650389522421801,-0.11199999998154908,-,-,326.27190388888886,63.76152194444444,-,-,Gaia_DR3,2019MNRAS.483.4242L,326.27190316,63.76152127,1.56,-,-,-,-,-,CABD
J2145+6345,B ,146,146,-,2026 Ducourant,0.745840989950466,-0.6910000000033278,-,-,326.2717033333333,63.7613611111111,-,-,Gaia_DR3,2019MNRAS.483.4242L,326.27170273,63.76136072,1.56,-,-,-,-,-,CABD
J2145+6345,C ,147,147,-,2026 Ducourant,-0.781212569752805,-1.0439999999988459,-,-,326.27074388888883,63.761263055555546,-,-,Gaia_DR3,2019MNRAS.483.4242L,326.27074395,63.76126294,1.56,-,-,-,-,-,CABD
J2145+6345,D ,148,148,-,2026 Ducourant,-0.31522094047497257,0.6280000000089103,-,-,326.27103666666665,63.76172749999999,-,-,Gaia_DR3,2019MNRAS.483.4242L,326.27103799,63.76172683,1.56,-,-,-,-,-,CABD
J2145+6345,G ,149,149,-,2026 Ducourant,0.0,0.0,-,-,326.2712347222222,63.761553055555545,-,-,HST,2019MNRAS.483.4242L,326.27123465,63.76155294,1.56,-,-,-,-,-,CABD
J2205-3727,A ,150,150,-,2026 Ducourant,0.9050237200357122,0.10100000001784792,-,-,331.4348358333333,-37.45036055555555,-,-,HST,2023MNRAS.520.3305L,331.43483564,-37.45036068,1.848,-,-,-,-,-,ACDB
J2205-3727,B ,151,151,-,2026 Ducourant,-0.2961166129444376,-0.6239999999849033,-,-,331.4344155555555,-37.45056194444444,-,-,HST,2023MNRAS.520.3305L,331.43441542,-37.45056207,1.848,-,-,-,-,-,ACDB
J2205-3727,C ,152,152,-,2026 Ducourant,-0.7343390865969726,-0.02200000000414093,-,-,331.4342622222222,-37.45039472222222,-,-,Gaia_DR3,2023MNRAS.520.3305L,331.43426216,-37.45039484,1.848,-,-,-,-,-,ACDB
J2205-3727,D ,153,153,-,2026 Ducourant,-0.4453676553506238,0.5360000000194987,-,-,331.4343633333333,-37.450239722222214,-,-,HST,2023MNRAS.520.3305L,331.43436328,-37.45023984,1.848,-,-,-,-,-,ACDB
J2205-3727,G ,154,154,-,2026 Ducourant,0.0,0.0,-,-,331.43451916666663,-37.45038861111111,-,-,HST,2023MNRAS.520.3305L,331.43451899,-37.45038873,1.848,-,-,-,-,-,ACDB
PG1115+080,A ,155,155,-,2026 Ducourant,0.7451025876425136,-0.7539999999977454,-,-,169.57062555555552,7.766123888888888,-,-,Gaia_DR3,1980Natur.285..641W,169.5707377,7.7654831,1.722,0.3098,-,-,-,-,DABC
PG1115+080,B ,156,156,-,2026 Ducourant,0.8947173322130217,-0.29799999999795546,-,-,169.57066749999998,7.766250555555555,-,-,Gaia_DR3,1980Natur.285..641W,169.5708333,7.7660278,1.722,0.3098,-,-,-,-,DABC
PG1115+080,C ,157,157,-,2026 Ducourant,-0.9224607393779493,-0.6819999999972737,-,-,169.57015805555554,7.766143888888888,-,-,Gaia_DR3,1980Natur.285..641W,169.5708333,7.7660278,1.722,0.3098,-,-,-,-,DABC
PG1115+080,D ,158,158,-,2026 Ducourant,-0.5796335479787006,1.278000000002777,-,-,169.57025416666664,7.766688333333333,-,-,Gaia_DR3,1980Natur.285..641W,169.5712474,7.76559,1.722,0.3098,-,-,-,-,DABC
PG1115+080,G ,159,159,-,2026 Ducourant,0.0,0.0,-,-,169.57041666666663,7.766333333333332,-,-,Publication,1980Natur.285..641W,169.57041667,7.76633333,1.722,0.3098,-,-,-,-,DABC
PSJ2107-1611,A ,160,160,-,2026 Ducourant,-1.5922304573322836,0.3339999999965926,-,-,316.9679977777777,-16.192129444444443,-,-,Gaia_DR3,2023A&A...679L...4D,316.9683961,-16.19290444,2.673,0.6305,-,-,-,-,CDBA
PSJ2107-1611,B ,161,161,-,2026 Ducourant,-0.19686731492368204,-2.3550000000014393,-,-,316.9684013888888,-16.192876388888887,-,-,Gaia_DR3,2023A&A...679L...4D,316.96882593,-16.19214778,2.673,0.6305,-,-,-,-,CDBA
PSJ2107-1611,C ,162,162,-,2026 Ducourant,2.016700795985468,1.5999999999976922,-,-,316.9690416666666,-16.191777777777776,-,-,Gaia_FPR,2023A&A...679L...4D,316.96904166667,-16.19177777778,2.673,0.6305,-,-,-,-,CDBA
PSJ2107-1611,D ,163,163,-,2026 Ducourant,-0.5761971448672525,-2.2000000000048203,-,-,316.96829166666663,-16.192833333333333,-,-,Publication,2023A&A...679L...4D,316.96829166667,-16.19283333333,2.673,0.6305,-,-,-,-,CDBA
PSJ2107-1611,G ,164,164,-,2026 Ducourant,0.0,0.0,-,-,316.9684583333333,-16.19222222222222,-,-,Publication,2023A&A...679L...4D,316.96845833333,-16.19222222222,2.673,0.6305,-,-,-,-,CDBA
RXJ0911+0551,A ,165,165,-,2026 Ducourant,0.516298693623994,-0.5309999999990822,-,-,137.8650608333333,5.848296944444444,-,-,Gaia_DR3,1997A&A...317L..13B,137.8643884,5.84792,2.8,0.769,-,-,-,-,DBAC
RXJ0911+0551,B ,166,166,-,2026 Ducourant,0.7759400768488511,-0.1249999999988205,-,-,137.86513333333332,5.848409722222222,-,-,Gaia_DR3,1997A&A...317L..13B,137.8645833,5.8477778,2.8,0.769,-,-,-,-,DBAC
RXJ0911+0551,C ,167,167,-,2026 Ducourant,0.5013765273243358,0.4280000000012052,-,-,137.86505666666665,5.848563333333333,-,-,Gaia_DR3,1997A&A...317L..13B,137.8646559,5.8478906,2.8,0.769,-,-,-,-,DBAC
RXJ0911+0551,D ,168,168,-,2026 Ducourant,-2.453163925442831,0.26199999999931833,-,-,137.86423166666665,5.848517222222221,-,-,Gaia_DR3,1997A&A...317L..13B,137.8637535,5.8479978,2.8,0.769,-,-,-,-,DBAC
RXJ0911+0551,G ,169,169,-,2026 Ducourant,0.0,0.0,-,-,137.86491666666666,5.848444444444444,-,-,Publication,1997A&A...317L..13B,137.86491667,5.84844444,2.8,0.769,-,-,-,-,DBAC
RXJ1131-1231,A ,170,170,-,2026 Ducourant,2.031412051958581,-0.5960000000023058,-,-,172.9649272222222,-12.533023333333333,-,-,Gaia_DR3,2003A&A...406L..43S,172.9651673,-12.5321889,0.658,0.295,-,-,-,-,CBAD
RXJ1131-1231,B ,171,171,-,2026 Ducourant,2.0587474762932447,0.5909999999978766,-,-,172.96493499999997,-12.53269361111111,-,-,Gaia_DR3,2003A&A...406L..43S,172.9651759,-12.5318592,0.658,0.295,-,-,-,-,CBAD
RXJ1131-1231,C ,172,172,-,2026 Ducourant,1.4427791407260782,-1.7149999999972465,-,-,172.9647597222222,-12.533334166666664,-,-,Gaia_DR3,2003A&A...406L..43S,172.965,-12.5325,0.658,0.295,-,-,-,-,CBAD
RXJ1131-1231,D ,173,173,-,2026 Ducourant,-1.0835509389353348,0.27899999999903,-,-,172.9640408333333,-12.532780277777777,-,-,Gaia_DR3,2003A&A...406L..43S,172.9642838,-12.531945,0.658,0.295,-,-,-,-,CBAD
RXJ1131-1231,G ,174,174,-,2026 Ducourant,0.0,0.0,-,-,172.96434916666664,-12.532857777777776,-,-,Gaia_DR3,2003A&A...406L..43S,172.9645891,-12.5320261,0.658,0.295,-,-,-,-,CBAD
SDSS0924+0219,A ,175,175,-,2026 Ducourant,0.2208182716699493,0.8690000000004972,-,-,141.23256138888888,2.3237136111111107,-,-,Gaia_DR3,2003AJ....126..666I,141.2327917,2.3235833,1.524,0.393,-,-,-,-,BADC
SDSS0924+0219,B ,176,176,-,2026 Ducourant,0.28376656750879165,-0.9369999999993439,-,-,141.23257888888887,2.323211944444444,-,-,Gaia_DR3,2003AJ....126..666I,141.2328086,2.3230819,1.524,0.393,-,-,-,-,BADC
SDSS0924+0219,C ,177,177,-,2026 Ducourant,-0.7493833734991489,0.20000000000131024,-,-,141.23229166666664,2.3235277777777776,-,-,Publication,2003AJ....126..666I,141.23229166667,2.32352777778,1.524,0.393,-,-,-,-,BADC
SDSS0924+0219,D ,178,178,-,2026 Ducourant,0.7493833439135186,0.40000000000102176,-,-,141.2327083333333,2.323583333333333,-,-,Publication,2003AJ....126..666I,141.23270833333,2.32358333333,1.524,0.393,-,-,-,-,BADC
SDSS0924+0219,G ,179,179,-,2026 Ducourant,0.0,0.0,-,-,141.2325,2.3234722222222217,-,-,Publication,2003AJ....126..666I,141.2325,2.32347222222,1.524,0.393,-,-,-,-,BADC
SDSS1138+0314,A ,180,180,-,2026 Ducourant,0.45047447477398617,-0.4996000800005618,-,-,174.51562777777775,3.2493438888888884,-,-,Gaia_DR3,2006A&A...451..759E,174.5154167,3.2494444,2.438,0.445,-,-,-,-,CADB
SDSS1138+0314,B ,181,181,-,2026 Ducourant,0.44927640015393566,0.5000000400000815,-,-,174.51559555555554,3.249618333333333,-,-,Gaia_FPR,2006A&A...451..759E,174.5155416667,3.2496666667,2.438,0.445,-,-,-,-,CADB
SDSS1138+0314,C ,182,182,-,2026 Ducourant,-0.7487942810985445,0.2999998800003567,-,-,174.51527,3.249559444444444,-,-,Gaia_FPR,2006A&A...451..759E,174.5152083333,3.2496111111,2.438,0.445,-,-,-,-,CADB
SDSS1138+0314,D ,183,183,-,2026 Ducourant,-0.14975896515365453,-0.6000001200007432,-,-,174.51543416666664,3.249325555555555,-,-,Gaia_FPR,2006A&A...451..759E,174.515375,3.2493611111,2.438,0.445,-,-,-,-,CADB
SDSS1138+0314,G ,184,184,-,2026 Ducourant,0.0,0.0,-,-,174.51541666666665,3.2495277777777773,-,-,Publication,2006A&A...451..759E,174.5154166667,3.2495277778,2.438,0.445,-,-,-,-,CADB
SDSSJ125107.57+293540.5,A ,185,185,-,2026 Ducourant,0.7095454928702767,-0.25400000000246337,-,-,192.78168305555553,29.594650277777774,-,-,HST,2012AJ....143..119I,192.78168301,29.59465022,0.802,0.41,-,-,-,-,DABC
SDSSJ125107.57+293540.5,B ,186,186,-,2026 Ducourant,0.3478167762191243,-0.6279999999961206,-,-,192.78156749999997,29.594546388888887,-,-,Gaia_DR3,2012AJ....143..119I,192.78156737,29.59454633,0.802,0.41,-,-,-,-,DABC
SDSSJ125107.57+293540.5,C ,187,187,-,2026 Ducourant,0.6443288676986096,0.3359999999958063,-,-,192.7816622222222,29.594814166666662,-,-,HST,2012AJ....143..119I,192.78166193,29.59481411,0.802,0.41,-,-,-,-,DABC
SDSSJ125107.57+293540.5,D ,188,188,-,2026 Ducourant,-1.074751006599303,0.32899999999216334,-,-,192.78111305555552,29.594812222222217,-,-,Gaia_DR3,2012AJ....143..119I,192.78111438,29.59481189,0.802,0.41,-,-,-,-,DABC
SDSSJ125107.57+293540.5,G ,189,189,-,2026 Ducourant,0.0,0.0,-,-,192.78145638888887,29.59472083333333,-,-,HST,2012AJ....143..119I,192.7814562,29.59472078,0.802,0.41,-,-,-,-,DABC
SDSSJ1330+1810,A ,190,190,-,2026 Ducourant,0.22707511789826418,-1.0979999999904066,-,-,202.57776305555552,18.175578055555555,-,-,Gaia_DR3,2016MNRAS.458....2R,202.57776085,18.17558167,1.393,0.373,-,-,-,-,CABD
SDSSJ1330+1810,B ,191,191,-,2026 Ducourant,-0.18812080750264634,-1.0929999999987672,-,-,202.57764166666664,18.17557944444444,-,-,HST,2016MNRAS.458....2R,202.57764186,18.17557945,1.393,0.373,-,-,-,-,CABD
SDSSJ1330+1810,C ,192,192,-,2026 Ducourant,-1.0242113843329854,0.073000000003276,-,-,202.5773972222222,18.17590333333333,-,-,Gaia_DR3,2016MNRAS.458....2R,202.57739715,18.17590334,1.393,0.373,-,-,-,-,CABD
SDSSJ1330+1810,D ,193,193,-,2026 Ducourant,0.46460019757584314,0.5170000000077835,-,-,202.57783249999997,18.176026666666665,-,-,HST,2016MNRAS.458....2R,202.57783248,18.17602667,1.393,0.373,-,-,-,-,CABD
SDSSJ1330+1810,G ,194,194,-,2026 Ducourant,0.0,0.0,-,-,202.57769666666664,18.175883055555552,-,-,Gaia_DR3,2016MNRAS.458....2R,202.57769828,18.17585112,1.393,0.373,-,-,-,-,CABD
SDSSJ1433+6007,A ,195,195,-,2026 Ducourant,-0.9355511444936454,2.0590000000026976,-,-,218.34499749999998,60.121424444444436,-,-,Gaia_DR3,2018MNRAS.474.3391A,218.34499994,60.12142466,2.737,0.407,-,-,-,-,ABCD
SDSSJ1433+6007,B ,196,196,-,2026 Ducourant,-0.9370753187226751,-1.6949999999923193,-,-,218.34499666666665,60.12038166666666,-,-,Gaia_DR3,2018MNRAS.474.3391A,218.3449966,60.1203816,2.737,0.407,-,-,-,-,ABCD
SDSSJ1433+6007,C ,197,197,-,2026 Ducourant,-1.6952810122212951,-0.06999999998527073,-,-,218.34457388888887,60.12083305555555,-,-,Gaia_DR3,2018MNRAS.474.3391A,218.3445745,60.12083299,2.737,0.407,-,-,-,-,ABCD
SDSSJ1433+6007,D ,198,198,-,2026 Ducourant,1.1069397585986203,-0.12000000000398359,-,-,218.34613638888885,60.12081916666666,-,-,HST,2018MNRAS.474.3391A,218.34613632,60.1208191,2.737,0.407,-,-,-,-,ABCD
SDSSJ1433+6007,G ,199,199,-,2026 Ducourant,0.0,0.0,-,-,218.34551916666663,60.12085249999999,-,-,HST,2018MNRAS.474.3391A,218.34551906,60.12085244,2.737,0.407,-,-,-,-,ABCD
SDSSJ1640+1932,A ,200,200,-,2026 Ducourant,0.5767181957017544,2.739999999997167,-,-,250.1904583333333,19.54997222222222,-,-,Publication,2017MNRAS.468.3757W,250.19045833333,19.54997222222,0.778,0.195,-,-,-,-,ACDB
SDSSJ1640+1932,B ,201,201,-,2026 Ducourant,1.1421366460889335,-1.5600000000006276,-,-,250.19062499999995,19.548777777777776,-,-,Publication,2017MNRAS.468.3757W,250.190625,19.54877777778,0.778,0.195,-,-,-,-,ACDB
SDSSJ1640+1932,C ,202,202,-,2026 Ducourant,-1.109155078336215,-2.0450000000082014,-,-,250.18996138888886,19.54864305555555,-,-,Gaia_FPR,2017MNRAS.468.3757W,250.19,19.54863888889,0.778,0.195,-,-,-,-,ACDB
SDSSJ1640+1932,D ,203,203,-,2026 Ducourant,-1.6764531254121224,-1.586999999996408,-,-,250.18979416666664,19.548770277777777,-,-,Gaia_FPR,2017MNRAS.468.3757W,250.18983333333,19.54875,0.778,0.195,-,-,-,-,ACDB
SDSSJ1640+1932,G ,204,204,-,2026 Ducourant,0.0,0.0,-,-,250.1902883333333,19.54921111111111,-,-,Gaia_DR3,2017MNRAS.468.3757W,250.19029,19.54921,0.778,0.195,-,-,-,-,ACDB
WFI2026-4536,A1,205,205,-,2026 Ducourant,0.16160036851036966,-0.6219999999984793,-,-,306.5435641666666,-45.607589444444436,-,-,Gaia_DR3,2004AJ....127.2617M,306.5435782709,-45.60759009314,2.237,-,-,-,-,-,CABD
WFI2026-4536,A2,206,206,-,2026 Ducourant,0.38616236127400655,-0.3910000000189484,-,-,306.5436533333333,-45.607525277777775,-,-,Gaia_DR3,2004AJ....127.2617M,306.5435231,-45.6079244,2.237,-,-,-,-,-,CABD
WFI2026-4536,B ,207,207,-,2026 Ducourant,-0.034978685166059495,0.8239999999830161,-,-,306.54348611111106,-45.607187777777774,-,-,Gaia_DR3,2004AJ....127.2617M,306.5434583,-45.6075278,2.237,-,-,-,-,-,CABD
WFI2026-4536,C ,208,208,-,2026 Ducourant,-0.5750465463335123,-0.2430000000003929,-,-,306.5432716666666,-45.60748416666666,-,-,Gaia_FPR,2004AJ....127.2617M,306.54325,-45.60744444,2.237,-,-,-,-,-,CABD
WFI2026-4536,G ,209,209,-,2026 Ducourant,0.0,0.0,-,-,306.54349999999994,-45.60741666666666,-,-,Publication,2004AJ....127.2617M,306.5435,-45.60741667,2.237,-,-,-,-,-,CABD
WFI2033-4723,A1,210,210,-,2026 Ducourant,-0.7717063363301684,1.049000000003275,-,-,308.42535,-47.395375277777774,-,-,Gaia_DR3,2004AJ....127.2617M,308.4253333,-47.3952778,1.66,0.658,-,-,-,-,CABD
WFI2033-4723,A2,211,211,-,2026 Ducourant,-0.05889341399158114,1.1640000000028294,-,-,308.4256425,-47.39534333333333,-,-,Gaia_DR3,2004AJ....127.2617M,308.4253333,-47.3952778,1.66,0.658,-,-,-,-,CABD
WFI2033-4723,B ,212,212,-,2026 Ducourant,1.4249395160227403,-0.2109999999873935,-,-,308.42625138888883,-47.39572527777777,-,-,Gaia_DR3,2004AJ....127.2617M,308.4253333,-47.3952778,1.66,0.658,-,-,-,-,CABD
WFI2033-4723,C ,213,213,-,2026 Ducourant,-0.6891146289653889,-0.4899999999992133,-,-,308.42538388888886,-47.395802777777774,-,-,Gaia_DR3,2004AJ....127.2617M,308.4253333,-47.3952778,1.66,0.658,-,-,-,-,CABD
WFI2033-4723,G ,214,214,-,2026 Ducourant,0.0,0.0,-,-,308.42566666666664,-47.39566666666666,-,-,Publication,2004AJ....127.2617M,308.42566667,-47.39566667,1.66,0.658,-,-,-,-,CABD
WG0214-2105,A ,215,215,-,2026 Ducourant,-0.3312143259242723,0.8090000000080977,-,-,33.56808638888889,-21.09290583333333,-,-,Gaia_DR3,2019MNRAS.485.5086S,33.56808656,-21.09290705,3.229,,-,-,-,-,CADB
WG0214-2105,B ,216,216,-,2026 Ducourant,-0.7781190587895183,-0.1239999999896213,-,-,33.56795333333333,-21.093164999999996,-,-,Gaia_DR3,2019MNRAS.485.5086S,33.56795378,-21.09316427,3.229,,-,-,-,-,CADB
WG0214-2105,C ,217,217,-,2026 Ducourant,0.4860904999516607,-0.8529999999908,-,-,33.56832972222222,-21.093367499999996,-,-,Gaia_DR3,2019MNRAS.485.5086S,33.56832951,-21.0933676,3.229,0.45,-,-,-,-,CADB
WG0214-2105,D ,218,218,-,2026 Ducourant,0.5625975636323323,0.5320000000082814,-,-,33.568352499999996,-21.092982777777774,-,-,HST,2019MNRAS.485.5086S,33.56835243,-21.09298288,3.229,,-,-,-,-,CADB
WG0214-2105,G ,219,219,-,2026 Ducourant,0.0,0.0,-,-,33.56818499999999,-21.093130555555554,-,-,HST,2019MNRAS.485.5086S,33.56818511,-21.09313066,3.229,0.22,-,-,-,-,CADB
WG2100-4452,A ,220,220,-,2026 Ducourant,-1.0843512111658975,-0.8089999999953079,-,-,315.06166499999995,-44.868623611111104,-,-,Gaia_DR3,2019MNRAS.485.5086S,315.06166739,-44.86862059,0.92,0.203,-,-,-,-,CABD
WG2100-4452,B ,221,221,-,2026 Ducourant,-0.6555707888030514,-1.13199999998983,-,-,315.0618330555555,-44.868713333333325,-,-,Gaia_DR3,2019MNRAS.485.5086S,315.06183279,-44.86871336,0.92,0.203,-,-,-,-,CABD
WG2100-4452,C ,222,222,-,2026 Ducourant,1.3593393176380624,-0.45700000000579166,-,-,315.06262277777773,-44.86852583333333,-,-,Gaia_DR3,2019MNRAS.485.5086S,315.0626249,-44.86852392,0.92,0.203,-,-,-,-,CABD
WG2100-4452,D ,223,223,-,2026 Ducourant,-0.2395516658924006,1.079000000004271,-,-,315.06199611111106,-44.86809916666666,-,-,HST,2019MNRAS.485.5086S,315.06199623,-44.8680992,0.92,0.203,-,-,-,-,CABD
WG2100-4452,G ,224,224,-,2026 Ducourant,0.0,0.0,-,-,315.06208999999996,-44.86839888888888,-,-,Gaia_DR3,2019MNRAS.485.5086S,315.06207775,-44.86839253,0.92,0.203,-,-,-,-,CABD
WISE025942.9-163543,A ,225,225,1805.01939,2026 Ducourant,0.693842288074155,-0.30100000000317095,-,-,44.92879166666666,-16.59536111111111,-,-,Gaia_DR3,2018RNAAS...2...21S,44.92879157,-16.59536177,2.16,0.905,-,-,-,-,CADB
WISE025942.9-163543,B ,226,226,1805.01939,2026 Ducourant,0.3766303380403044,0.5760000000037735,-,-,44.92869972222222,-16.595117499999997,-,-,Gaia_DR3,2018RNAAS...2...21S,44.9286994,-16.5951176,2.16,0.905,-,-,-,-,CADB
WISE025942.9-163543,C ,227,227,1805.01939,2026 Ducourant,-0.7781773417328539,0.26100000000610635,-,-,44.92836499999999,-16.595204999999996,-,-,Gaia_DR3,2018RNAAS...2...21S,44.92836288,-16.59520677,2.16,0.905,-,-,-,-,CADB
WISE025942.9-163543,D ,228,228,1805.01939,2026 Ducourant,-0.023000283897165342,-0.6910000000033278,-,-,44.92858388888888,-16.595469444444443,-,-,HST,2018RNAAS...2...21S,44.92858375,-16.59546955,2.16,0.905,-,-,-,-,CADB
WISE025942.9-163543,G ,229,229,1805.01939,2026 Ducourant,0.0,0.0,-,-,44.92859055555555,-16.595277499999998,-,-,HST,2018RNAAS...2...21S,44.92859041,-16.5952776,2.16,0.905,-,-,-,-,CADB
1810.01633,A ,230,230,KiDS0239-3211,Liliya,0.36,-2.06,0.05,0.05,-,-,-,-,-,?,-,-,-,-,-,-,-,-,ABCD
1810.01633,B ,231,231,KiDS0239-3211,Liliya,0.71,1.81,0.07,0.07,-,-,-,-,-,?,-,-,-,-,-,-,-,-,ABCD
1810.01633,C ,232,232,KiDS0239-3211,Liliya,1.55,0.2,0.07,0.07,-,-,-,-,-,?,-,-,-,-,-,-,-,-,ABCD
1810.01633,D ,233,233,KiDS0239-3211,Liliya,-1.1,0.3,0.3,0.3,-,-,-,-,-,?,-,-,-,-,-,-,-,-,ABCD
1810.01633,G ,234,234,KiDS0239-3211,Liliya,0,0,0,0,-,-,-,-,-,?,-,-,-,-,-,-,-,-,ABCD
B0128+437,A ,235,235,-,Liliya,0.521,-0.17,0.001,0.001,-,-,-,-,-,2010ApJ...716L.185L,-,-,3.124,-,-,-,2004MNRAS.350..167M,-,ABCD
B0128+437,B ,236,236,-,Liliya,0,0,0.001,0.001,-,-,-,-,-,2010ApJ...716L.185L,-,-,3.124,-,-,-,2004MNRAS.350..167M,-,ABCD
B0128+437,C ,237,237,-,Liliya,0.099,0.095,0.001,0.001,-,-,-,-,-,2010ApJ...716L.185L,-,-,3.124,-,-,-,2004MNRAS.350..167M,-,ABCD
B0128+437,D ,238,238,-,Liliya,0.109,-0.26,0.001,0.001,-,-,-,-,-,2010ApJ...716L.185L,-,-,3.124,-,-,-,2004MNRAS.350..167M,-,ABCD
B0128+437,G ,239,239,-,Liliya,0.217,-0.104,0.01,0.01,-,-,-,-,-,2010ApJ...716L.185L,-,-,3.124,-,-,-,2004MNRAS.350..167M,-,ABCD
B1933+503 A,A ,240,240,-,Liliya,0.447,0.495,0.001,0.001,-,-,-,-,-,2001ApJ...554.1216C,-,-,1.71,0.755,0.01,-,2012ApJ...750...10S,1998MNRAS.301..315N,ABCD
B1933+503 A,B ,241,241,-,Liliya,-0.397,-0.299,0.001,0.001,-,-,-,-,-,2001ApJ...554.1216C,-,-,1.71,0.755,0.01,-,2012ApJ...750...10S,1998MNRAS.301..315N,ABCD
B1933+503 A,C ,242,242,-,Liliya,-0.389,0.158,0.001,0.001,-,-,-,-,-,2001ApJ...554.1216C,-,-,1.71,0.755,0.01,-,2012ApJ...750...10S,1998MNRAS.301..315N,ABCD
B1933+503 A,D ,243,243,-,Liliya,0.23,-0.387,0.005,0.005,-,-,-,-,-,2001ApJ...554.1216C,-,-,1.71,0.755,0.01,-,2012ApJ...750...10S,1998MNRAS.301..315N,ABCD
B1933+503 A,G ,244,244,-,Liliya,0,0,0,0,-,-,-,-,-,2001ApJ...554.1216C,-,-,1.71,0.755,0.01,-,2012ApJ...750...10S,1998MNRAS.301..315N,ABCD
B1933+503 B,A ,245,245,-,Liliya,-0.522,-0.514,0.045,0.045,-,-,-,-,-,2001ApJ...554.1216C,-,-,1.71,0.755,0.01,-,2012ApJ...750...10S,1998MNRAS.301..315N,ABCD
B1933+503 B,B ,246,246,-,Liliya,0.189,0.412,0.072,0.072,-,-,-,-,-,2001ApJ...554.1216C,-,-,1.71,0.755,0.01,-,2012ApJ...750...10S,1998MNRAS.301..315N,ABCD
B1933+503 B,C ,247,247,-,Liliya,0.061,0.425,0.042,0.042,-,-,-,-,-,2001ApJ...554.1216C,-,-,1.71,0.755,0.01,-,2012ApJ...750...10S,1998MNRAS.301..315N,ABCD
B1933+503 B,D ,248,248,-,Liliya,0.417,-0.14,0.049,0.049,-,-,-,-,-,2001ApJ...554.1216C,-,-,1.71,0.755,0.01,-,2012ApJ...750...10S,1998MNRAS.301..315N,ABCD
B1933+503 B,G ,249,249,-,Liliya,0,0,0,0,-,-,-,-,-,2001ApJ...554.1216C,-,-,1.71,0.755,0.01,-,2012ApJ...750...10S,1998MNRAS.301..315N,ABCD
GRAL122629-454209,A ,250,250,-,Liliya,4.986,-2.092,-,-,-,-,-,-,-,2018A%26A...616L..11K,-,-,-,-,-,-,-,-,ABCD
GRAL122629-454209,B ,251,251,-,Liliya,-3.066,-1.705,-,-,-,-,-,-,-,2018A%26A...616L..11K,-,-,-,-,-,-,-,-,ABCD
GRAL122629-454209,C ,252,252,-,Liliya,0,0,-,-,-,-,-,-,-,2018A%26A...616L..11K,-,-,-,-,-,-,-,-,ABCD
GRAL122629-454209,D ,253,253,-,Liliya,0.065,-5.453,-,-,-,-,-,-,-,2018A%26A...616L..11K,-,-,-,-,-,-,-,-,ABCD
GRAL122629-454209,G ,254,254,-,Liliya,0.528,-3.19,-,-,-,-,-,-,-,2018A%26A...616L..11K,-,-,-,-,-,-,-,-,ABCD
HS0810+2554,A ,255,255,-,Liliya,0.774,-0.257,0.003,0.003,-,-,-,-,-,CASTLES,-,-,1.51,-,-,-,2014ApJ...783...57C,-,ABCD
HS0810+2554,B ,256,256,-,Liliya,0,0,0,0,-,-,-,-,-,CASTLES,-,-,1.51,-,-,-,2014ApJ...783...57C,-,ABCD
HS0810+2554,C ,257,257,-,Liliya,0.087,-0.163,0.003,0.003,-,-,-,-,-,CASTLES,-,-,1.51,-,-,-,2014ApJ...783...57C,-,ABCD
HS0810+2554,D ,258,258,-,Liliya,0.61,0.579,0.003,0.003,-,-,-,-,-,CASTLES,-,-,1.51,-,-,-,2014ApJ...783...57C,-,ABCD
HS0810+2554,G ,259,259,-,Liliya,0.451,0.143,0.012,0.005,-,-,-,-,-,CASTLES,-,-,1.51,-,-,-,2014ApJ...783...57C,-,ABCD
HST14176+5226,A ,260,260,-,Liliya,1.288,-1.175,0.008,0.01,-,-,-,-,-,CASTLES,-,-,3.4,0.81,-,-,1996A%26A...307L..53C,1995ApJ...455...75L,ABCD
HST14176+5226,B ,261,261,-,Liliya,-0.792,1.332,0.011,0.017,-,-,-,-,-,CASTLES,-,-,3.4,0.81,-,-,1996A%26A...307L..53C,1995ApJ...455...75L,ABCD
HST14176+5226,C ,262,262,-,Liliya,0.88,0.879,0.024,0.02,-,-,-,-,-,CASTLES,-,-,3.4,0.81,-,-,1996A%26A...307L..53C,1995ApJ...455...75L,ABCD
HST14176+5226,D ,263,263,-,Liliya,-0.808,-0.794,0.024,0.032,-,-,-,-,-,CASTLES,-,-,3.4,0.81,-,-,1996A%26A...307L..53C,1995ApJ...455...75L,ABCD
HST14176+5226,G ,264,264,-,Liliya,0,0,0,0,-,-,-,-,-,CASTLES,-,-,3.4,0.81,-,-,1996A%26A...307L..53C,1995ApJ...455...75L,ABCD
J095930.94+023,A ,265,265,-,Liliya,-0.925,-0.552,0.005,0.005,-,-,-,-,-,2008MNRAS.389.1311J,-,-,-,0.8923,-,0.0007,-,2013RAA....13...15C,ABCD
J095930.94+023,B ,266,266,-,Liliya,0.316,0.85,0.005,0.005,-,-,-,-,-,2008MNRAS.389.1311J,-,-,-,0.8923,-,0.0007,-,2013RAA....13...15C,ABCD
J095930.94+023,C ,267,267,-,Liliya,-0.266,0.79,0.005,0.005,-,-,-,-,-,2008MNRAS.389.1311J,-,-,-,0.8923,-,0.0007,-,2013RAA....13...15C,ABCD
J095930.94+023,D ,268,268,-,Liliya,0.752,-0.164,0.005,0.005,-,-,-,-,-,2008MNRAS.389.1311J,-,-,-,0.8923,-,0.0007,-,2013RAA....13...15C,ABCD
J095930.94+023,G ,269,269,-,Liliya,0,0,0,0,-,-,-,-,-,2008MNRAS.389.1311J,-,-,-,0.8923,-,0.0007,-,2013RAA....13...15C,ABCD
J100140.12+020,A ,270,270,-,Liliya,0.858,0.43,0.002,0.002,-,-,-,-,-,2008MNRAS.389.1311J,-,-,-,-,-,-,-,-,ABCD
J100140.12+020,B ,271,271,-,Liliya,-0.726,0.471,0.001,0.001,-,-,-,-,-,2008MNRAS.389.1311J,-,-,-,-,-,-,-,-,ABCD
J100140.12+020,C ,272,272,-,Liliya,-0.444,0.692,0.006,0.006,-,-,-,-,-,2008MNRAS.389.1311J,-,-,-,-,-,-,-,-,ABCD
J100140.12+020,D ,273,273,-,Liliya,-0.189,-0.657,0.003,0.003,-,-,-,-,-,2008MNRAS.389.1311J,-,-,-,-,-,-,-,-,ABCD
J100140.12+020,G ,274,274,-,Liliya,0,0,0,0,-,-,-,-,-,2008MNRAS.389.1311J,-,-,-,-,-,-,-,-,ABCD
LSDQ0047-2808,A ,275,275,-,Liliya,1.048,0.726,0.01,0.01,-,-,-,-,-,2003ApJ...583..606K,-,-,3.595,0.485,-,-,1998MNRAS.299.1215W,1998MNRAS.299.1215W,ABCD
LSDQ0047-2808,B ,276,276,-,Liliya,-0.126,-1.165,0.01,0.01,-,-,-,-,-,2003ApJ...583..606K,-,-,3.595,0.485,-,-,1998MNRAS.299.1215W,1998MNRAS.299.1215W,ABCD
LSDQ0047-2808,C ,277,277,-,Liliya,0.896,-0.802,0.01,0.01,-,-,-,-,-,2003ApJ...583..606K,-,-,3.595,0.485,-,-,1998MNRAS.299.1215W,1998MNRAS.299.1215W,ABCD
LSDQ0047-2808,D ,278,278,-,Liliya,-1.011,0.263,0.01,0.01,-,-,-,-,-,2003ApJ...583..606K,-,-,3.595,0.485,-,-,1998MNRAS.299.1215W,1998MNRAS.299.1215W,ABCD
LSDQ0047-2808,G ,279,279,-,Liliya,0,0,0,0,-,-,-,-,-,2003ApJ...583..606K,-,-,3.595,0.485,-,-,1998MNRAS.299.1215W,1998MNRAS.299.1215W,ABCD
MG2016+112,A ,280,280,-,Liliya,1.73,1.82,0.01,0.01,-,-,-,-,-,2002MNRAS.334...39K,-,-,3.273,1,-,-,2002MNRAS.334...39K,-,ABCD
MG2016+112,B ,281,281,-,Liliya,-0.36,-1.41,0.01,0.01,-,-,-,-,-,2002MNRAS.334...39K,-,-,3.273,1,-,-,2002MNRAS.334...39K,-,ABCD
MG2016+112,C ,282,282,-,Liliya,-0.32,-1.41,0.01,0.01,-,-,-,-,-,2002MNRAS.334...39K,-,-,3.273,1,-,-,2002MNRAS.334...39K,-,ABCD
MG2016+112,D ,283,283,-,Liliya,-1.27,0.32,0.01,0.01,-,-,-,-,-,2002MNRAS.334...39K,-,-,3.273,1,-,-,2002MNRAS.334...39K,-,ABCD
MG2016+112,G ,284,284,-,Liliya,0,0,0,0,-,-,-,-,-,2002MNRAS.334...39K,-,-,3.273,1,-,-,2002MNRAS.334...39K,-,ABCD
SDSS1011+0143,A ,285,285,-,Liliya,1.86,0.91,0.03,0.03,-,-,-,-,-,CASTLES,-,-,2.701,0.331,-,-,-,-,ABDC
SDSS1011+0143,B ,286,286,-,Liliya,-1.55,-1.14,0.02,0.02,-,-,-,-,-,CASTLES,-,-,2.701,0.331,-,-,-,-,ABDC
SDSS1011+0143,C ,287,287,-,Liliya,0.81,-1.36,0.03,0.03,-,-,-,-,-,CASTLES,-,-,2.701,0.331,-,-,-,-,ABDC
SDSS1011+0143,D ,288,288,-,Liliya,-1,1.46,0.03,0.04,-,-,-,-,-,CASTLES,-,-,2.701,0.331,-,-,-,-,ABDC
SDSS1011+0143,G ,289,289,-,Liliya,0,0,0,0,-,-,-,-,-,CASTLES,-,-,2.701,0.331,-,-,-,-,ABDC
SDSS1402+6321,A ,290,290,-,Liliya,0.88,1.15,0.1,0.1,-,-,-,-,-,2005ApJ...624L..21B,-,-,0.4814,0.2046,0.0001,0.0001,2005ApJ...624L..21B,2005ApJ...624L..21B,ABCD
SDSS1402+6321,B ,291,291,-,Liliya,0,-1.35,0.1,0.1,-,-,-,-,-,2005ApJ...624L..21B,-,-,0.4814,0.2046,0.0001,0.0001,2005ApJ...624L..21B,2005ApJ...624L..21B,ABCD
SDSS1402+6321,C ,292,292,-,Liliya,0.93,-0.95,0.1,0.1,-,-,-,-,-,2005ApJ...624L..21B,-,-,0.4814,0.2046,0.0001,0.0001,2005ApJ...624L..21B,2005ApJ...624L..21B,ABCD
SDSS1402+6321,D ,293,293,-,Liliya,-1.13,0.45,0.1,0.1,-,-,-,-,-,2005ApJ...624L..21B,-,-,0.4814,0.2046,0.0001,0.0001,2005ApJ...624L..21B,2005ApJ...624L..21B,ABCD
SDSS1402+6321,G ,294,294,-,Liliya,0,0,0,0,-,-,-,-,-,2005ApJ...624L..21B,-,-,0.4814,0.2046,0.0001,0.0001,2005ApJ...624L..21B,2005ApJ...624L..21B,ABCD
SDSSJ002240,A ,295,295,-,Liliya,3.485,2.6,0.1,0.1,22:41.2,31:13.0,-,-,-,2007ApJ...662L..51A,-,-,2.73,0.38,-,-,2007ApJ...662L..51A,2007ApJ...662L..51A,ABCD
SDSSJ002240,B ,296,296,-,Liliya,-1.742,3.8,0.1,0.1,22:40.8,31:14.0,-,-,-,2007ApJ...662L..51A,-,-,2.73,0.38,-,-,2007ApJ...662L..51A,2007ApJ...662L..51A,ABCD
SDSSJ002240,C ,297,297,-,Liliya,0.871,4,0.1,0.1,22:41.0,31:14.0,-,-,-,2007ApJ...662L..51A,-,-,2.73,0.38,-,-,2007ApJ...662L..51A,2007ApJ...662L..51A,ABCD
SDSSJ002240,D ,298,298,-,Liliya,-0.29,-1.1,0.1,0.1,22:41.0,31:08.9,-,-,-,2007ApJ...662L..51A,-,-,2.73,0.38,-,-,2007ApJ...662L..51A,2007ApJ...662L..51A,ABCD
SDSSJ002240,G ,299,299,-,Liliya,0,0,0,0,22:40.9,31:10.0,-,-,-,2007ApJ...662L..51A,-,-,2.73,0.38,-,-,2007ApJ...662L..51A,2007ApJ...662L..51A,ABCD
SDSSJ120602.09,A ,300,300,-,Liliya,-1.588,3.907,0.1,0.1,181.508016,51.70928,-,-,-,2009ApJ...699.1242L,-,-,2,0.422,0.0009,-,2009ApJ...699.1242L,2009ApJ...699.1242L,ABCD
SDSSJ120602.09,B ,301,301,-,Liliya,-3.563,-1.907,0.1,0.1,181.507131,51.707665,-,-,-,2009ApJ...699.1242L,-,-,2,0.422,0.0009,-,2009ApJ...699.1242L,2009ApJ...699.1242L,ABCD
SDSSJ120602.09,C ,302,302,-,Liliya,-4.074,0.498,0.1,0.1,181.506902,51.708333,-,-,-,2009ApJ...699.1242L,-,-,2,0.422,0.0009,-,2009ApJ...699.1242L,2009ApJ...699.1242L,ABCD
SDSSJ120602.09,D ,303,303,-,Liliya,2.88,-0.791,0.1,0.1,181.510019,51.707975,-,-,-,2009ApJ...699.1242L,-,-,2,0.422,0.0009,-,2009ApJ...699.1242L,2009ApJ...699.1242L,ABCD
SDSSJ120602.09,G ,304,304,-,Liliya,0,0,0,0,181.508732,51.708196,-,-,-,2009ApJ...699.1242L,-,-,2,0.422,0.0009,-,2009ApJ...699.1242L,2009ApJ...699.1242L,ABCD
SDSSJ1538+5817,A ,305,305,-,Liliya,-0.75,0.6,0.05,0.05,-,-,-,-,-,2010ApJ...710..372G,-,-,0.531,0.143,-,-,2010ApJ...710..372G,2010ApJ...710..372G,CDBA
SDSSJ1538+5817,B ,306,306,-,Liliya,0.95,-0.19,0.05,0.05,-,-,-,-,-,2010ApJ...710..372G,-,-,0.531,0.143,-,-,2010ApJ...710..372G,2010ApJ...710..372G,CDBA
SDSSJ1538+5817,C ,307,307,-,Liliya,0.96,0.33,0.05,0.05,-,-,-,-,-,2010ApJ...710..372G,-,-,0.531,0.143,-,-,2010ApJ...710..372G,2010ApJ...710..372G,CDBA
SDSSJ1538+5817,D ,308,308,-,Liliya,-0.15,-0.98,0.05,0.05,-,-,-,-,-,2010ApJ...710..372G,-,-,0.531,0.143,-,-,2010ApJ...710..372G,2010ApJ...710..372G,CDBA
SDSSJ1538+5817,G ,309,309,-,Liliya,0,0,0,0,-,-,-,-,-,2010ApJ...710..372G,-,-,0.531,0.143,-,-,2010ApJ...710..372G,2010ApJ...710..372G,CDBA
SLACSJ0946+1006,A ,310,310,-,Liliya,-1.51,-1.78,0.03,0.03,-,-,-,-,-,2008ApJ...677.1046G,-,-,0.609,0.222,-,-,2008ApJ...677.1046G,2008ApJ...677.1046G,ABDC
SLACSJ0946+1006,B ,311,311,-,Liliya,1.55,1.65,0.03,0.03,-,-,-,-,-,2008ApJ...677.1046G,-,-,0.609,0.222,-,-,2008ApJ...677.1046G,2008ApJ...677.1046G,ABDC
SLACSJ0946+1006,C ,312,312,-,Liliya,-1.34,1.32,0.03,0.03,-,-,-,-,-,2008ApJ...677.1046G,-,-,0.609,0.222,-,-,2008ApJ...677.1046G,2008ApJ...677.1046G,ABDC
SLACSJ0946+1006,D ,313,313,-,Liliya,1.56,-1.19,0.03,0.03,-,-,-,-,-,2008ApJ...677.1046G,-,-,0.609,0.222,-,-,2008ApJ...677.1046G,2008ApJ...677.1046G,ABDC
SLACSJ0946+1006,G ,314,314,-,Liliya,0,0,0,0,-,-,-,-,-,2008ApJ...677.1046G,-,-,0.609,0.222,-,-,2008ApJ...677.1046G,2008ApJ...677.1046G,ABDC
SLACSJ1205+491,A ,315,315,-,Liliya,1.475,-0.325,0.03,0.03,-,-,-,-,-,2008MNRAS.383..857F,-,-,0.4808,0.215,-,-,-,-,ABCD
SLACSJ1205+491,B ,316,316,-,Liliya,-0.875,0.575,0.03,0.03,-,-,-,-,-,2008MNRAS.383..857F,-,-,0.4808,0.215,-,-,-,-,ABCD
SLACSJ1205+491,C ,317,317,-,Liliya,-0.525,0.925,0.03,0.03,-,-,-,-,-,2008MNRAS.383..857F,-,-,0.4808,0.215,-,-,-,-,ABCD
SLACSJ1205+491,D ,318,318,-,Liliya,-0.825,-0.475,0.03,0.03,-,-,-,-,-,2008MNRAS.383..857F,-,-,0.4808,0.215,-,-,-,-,ABCD
SLACSJ1205+491,G ,319,319,-,Liliya,0,0,0,0,-,-,-,-,-,2008MNRAS.383..857F,-,-,0.4808,0.215,-,-,-,-,ABCD
SLACSJ1636+470,A ,320,320,-,Liliya,-0.075,1.725,0.03,0.03,-,-,-,-,-,2008MNRAS.383..857F,-,-,0.6745,0.2282,-,-,-,-,ABCD
SLACSJ1636+470,B ,321,321,-,Liliya,0.875,-0.625,0.03,0.03,-,-,-,-,-,2008MNRAS.383..857F,-,-,0.6745,0.2282,-,-,-,-,ABCD
SLACSJ1636+470,C ,322,322,-,Liliya,1.075,-0.275,0.03,0.03,-,-,-,-,-,2008MNRAS.383..857F,-,-,0.6745,0.2282,-,-,-,-,ABCD
SLACSJ1636+470,D ,323,323,-,Liliya,-0.775,-0.425,0.03,0.03,-,-,-,-,-,2008MNRAS.383..857F,-,-,0.6745,0.2282,-,-,-,-,ABCD
SLACSJ1636+470,G ,324,324,-,Liliya,0,0,0,0,-,-,-,-,-,2008MNRAS.383..857F,-,-,0.6745,0.2282,-,-,-,-,ABCD
SLACSJ2300+002,A ,325,325,-,Liliya,-0.125,1.475,0.03,0.03,-,-,-,-,-,2008MNRAS.383..857F,-,-,0.4635,0.2285,-,-,-,-,ABCD
SLACSJ2300+002,B ,326,326,-,Liliya,-0.275,-1.075,0.03,0.03,-,-,-,-,-,2008MNRAS.383..857F,-,-,0.4635,0.2285,-,-,-,-,ABCD
SLACSJ2300+002,C ,327,327,-,Liliya,-0.575,-0.925,0.03,0.03,-,-,-,-,-,2008MNRAS.383..857F,-,-,0.4635,0.2285,-,-,-,-,ABCD
SLACSJ2300+002,D ,328,328,-,Liliya,0.125,-1.075,0.03,0.03,-,-,-,-,-,2008MNRAS.383..857F,-,-,0.4635,0.2285,-,-,-,-,ABCD
SLACSJ2300+002,G ,329,329,-,Liliya,0,0,0,0,-,-,-,-,-,2008MNRAS.383..857F,-,-,0.4635,0.2285,-,-,-,-,ABCD
J1330-0905,A ,330,330,Persephone's Torch,SLED,0,0,-,-,-,-,-,-,-,https://arxiv.org/abs/2604.13152,-,-,2.2245,-,0.0005,-,-,-,-
J1330-0905,B ,331,331,Persephone's Torch,SLED,-0.4911,-0.0437,-,-,-,-,-,-,-,https://arxiv.org/abs/2604.13152,-,-,2.2245,-,0.0005,-,-,-,-
J1330-0905,C ,332,332,Persephone's Torch,SLED,-0.2423,-0.0918,-,-,-,-,-,-,-,https://arxiv.org/abs/2604.13152,-,-,2.2245,-,0.0005,-,-,-,-
J1330-0905,D ,333,333,Persephone's Torch,SLED,-0.2845,0.7672,-,-,-,-,-,-,-,https://arxiv.org/abs/2604.13152,-,-,2.2245,-,0.0005,-,-,-,-
J1330-0905,G ,334,334,Persephone's Torch,SLED,-,-,-,-,-,-,-,-,-,https://arxiv.org/abs/2604.13152,-,-,2.2245,-,0.0005,-,-,-,-
