,name,zl,zs
0,J0030-1525,,3.36
1,DESJ0053-2012,,3.8
2,PSJ0147+4630,,2.377
3,WG0214-2105,0.721,3.24
4,HE0230-2130,0.523,2.162
5,J0248+1913,,2.424
6,WISEJ0259-1635,,2.16
7,DESJ0405-3308,,1.713
8,J0408-5354,0.597,2.375
9,MG0414+0534,0.96,2.64
10,DESJ0420-4037,,2.4
11,PSJ0429+1428,,3.866
12,J0530-3730,,2.84
13,J0607-2152,,1.302
14,J0608+4229,,2.346
15,J0630-1201,,3.34
16,J0659+1629,0.766,3.09
17,B0712+472,0.406,1.339
18,J0803+3908,,2.97
19,SDSSJ0806+2006,0.573,1.537
20,HS0810+2554,,1.5
21,J0818-2613,,2.164
22,J0833+2612,,3.26
23,RXJ0911.4+0551,0.769,2.763
24,SDSSJ0924+0219,0.393,1.685
25,Q1009-0252,,2.74
26,W2MJ1042+1641,0.599,2.517
27,HE1113-0641,,1.235
28,GRALJ1131-4419,,1.09
29,RXJ1131-1231,0.295,0.658
30,2M1134-2103,,2.77
31,SDSSJ1138+0314,0.445,2.438
32,SDSSJ1251+2935,0.41,0.802
33,2M1310-1714,0.293,1.975
34,J1330-0905,,2.22
35,SDSSJ1330+1810,0.373,1.393
36,B1359+154,0.9,3.235
37,H1413+117,,2.55
38,HST14176+5226,0.81,3.4
39,B1422+231,0.339,3.62
40,J1537-3010,,1.721
41,B1555+375,,1.59
42,J1606-2333,,1.69
43,B1608+656,0.6304,1.394
44,J1616+1415,,2.88
45,SDSSJ1640+1932,0.1954,0.778
46,GRALJ1651-0417,0.591,1.451
47,J1721+8842,,2.37
48,J1817+2729,,3.07
49,B1933+503,0.755,2.638
50,B1938+666,0.881,2.059
51,J2017+6204,,1.724
52,WFIJ2026-4536,,2.237
53,J2038-4008,0.23,0.777
54,B2045+265,0.8673,1.28
55,J210014.90-445206.4,0.203,0.92
56,J2145+6345,,1.56
57,J2146-0047,0.799,2.381
58,J2205-3727,,1.848
59,J221849.86-332243.6,,2.55
60,SDSSJ2222+2745,0.49,2.82
61,Q2237+0305,0.0394,1.695
62,WISE2344-3056,,1.298
