Name,zl,zs
2MASSJ11344050-2103230,-,2.77
2MASXJ01471020+4630433,0.678,2.377
ATLASJ2344-3056,0.9472,1.2978
B0712+472,0.41,1.34
B1422+231,0.3366,3.62
B1555+375,-,-
COSMOS5921+0638,0.551,3.14
DESJ0029-3814,0.863,2.821
DESJ0053-2012,-,3.8
DESJ040559.80-330851.4,-,1.713
DESJ0530-3730,-,2.838
G2237+0305,0.0394,1.695
GraLJ024848742+191330571,1.037,2.424
GraLJ065904.1+162909,0.766,3.083
GraLJ081828.3-261325,0.866,2.164
GraLJ113100013-441959935,-,1.09
GraLJ1537-3010,0.592,1.721
GraLJ1817+2729,0.408,3.074
GraLJ203802-400815,0.2283,0.775
H1413+117,1.66,2.551
HE0435-1223,0.455,1.689
HE1113-0641,-,1.235
HST12531-2914,0.079,-
HST14113+5211,0.4641,2.811
J0030-1525,-,3.36
J0408-5354,0.597,2.375
J0420-4037,0.358,2.4
J125856.3-031944,-,2.225
J1606-2333,-,1.696
J2145+6345,-,1.56
J2205-3727,-,1.848
PG1115+080,0.3098,1.722
PSJ2107-1611,0.6305,2.673
RXJ0911+0551,0.769,2.8
RXJ1131-1231,0.295,0.658
SDSS0924+0219,0.393,1.524
SDSS1138+0314,0.445,2.438
SDSSJ125107.57+293540.5,0.41,0.802
SDSSJ1330+1810,0.373,1.393
SDSSJ1433+6007,0.407,2.737
SDSSJ1640+1932,0.195,0.778
WFI2026-4536,-,2.237
WFI2033-4723,0.658,1.66
WG0214-2105,-,3.229
WG2100-4452,0.203,0.92
WISE025942.9-163543,0.905,2.16
1810.01633,-,-
B0128+437,-,3.124
B1933+503 A,0.755,1.71
B1933+503 B,0.755,1.71
GRAL122629-454209,-,-
HS0810+2554,-,1.51
HST14176+5226,0.81,3.4
J095930.94+023,0.8923,-
J100140.12+020,-,-
LSDQ0047-2808,0.485,3.595
MG2016+112,1,3.273
SDSS1011+0143,0.331,2.701
SDSS1402+6321,0.2046,0.4814
SDSSJ002240,0.38,2.73
SDSSJ120602.09,0.422,2
SDSSJ1538+5817,0.143,0.531
SLACSJ0946+1006,0.222,0.609
SLACSJ1205+491,0.215,0.4808
SLACSJ1636+470,0.2282,0.6745
SLACSJ2300+002,0.2285,0.4635
J1330-0905,-,2.2245
