Name,Sample,zl,zs,theta_e,log_Mstar,theta_Ein,theta_Ein/theta_e
HE0047−1756,CASTLES,0.408,1.67,0.49,11.18,0.8,1.632653061
Q0142−100,CASTLES,0.491,2.719,0.51,11.53,1.18,2.31372549
QJ0158−4325,CASTLES,0.317,1.294,0.66,11.07,0.58,0.878787879
HE0230−2130,CASTLES,0.522,2.162,0.14,10.82,0.87,6.214285714
SDSSJ0246−0825,CASTLES,0.723,1.686,0.18,11.08,0.53,2.944444444
MG0414+0534,CASTLES,0.958,2.639,0.78,11.72,1.11,1.423076923
HE0435−1223,CASTLES,0.454,1.689,0.76,11.38,1.22,1.605263158
B0712+472,CASTLES,0.406,1.339,0.36,11.13,0.72,2
MG0751+2716,CASTLES,0.35,3.2,0.31,10.22,0.42,1.35483871
HS0818+1227,CASTLES,0.39,3.115,0.62,11.22,1.37,2.209677419
B0850+054,CASTLES,0.588,3.93,0.16,10.64,0.34,2.125
SDSSJ0924+0219,CASTLES,0.393,1.523,0.3,11.06,0.88,2.933333333
LBQS1009−0252,CASTLES,0.871,2.739,0.19,10.89,0.77,4.052631579
J1004+1229,CASTLES,0.95,2.64,0.34,11.17,0.83,2.441176471
B1030+074,CASTLES,0.599,1.535,0.23,11.07,0.91,3.956521739
HE1104−1805,CASTLES,0.729,2.303,0.64,11.44,1.4,2.1875
PG1115+080,CASTLES,0.311,1.736,0.46,11.1,1.14,2.47826087
RXJ1131−1231,CASTLES,0.295,0.658,1.13,11.34,1.83,1.619469027
SDSSJ1138+0314,CASTLES,0.445,2.442,0.19,10.92,0.57,3
SDSSJ1155+6346,CASTLES,0.176,2.888,0.43,10.86,0.76,1.76744186
SDSSJ1226−0006,CASTLES,0.517,1.126,0.45,11.21,0.57,1.266666667
LBQS1333+0113,CASTLES,0.44,1.571,0.31,11.07,0.85,2.741935484
Q1355−2257,CASTLES,0.702,1.373,1.24,11.56,0.62,0.5
HST14113+5211,CASTLES,0.465,2.811,0.47,10.9,0.84,1.787234043
HST14176+5226,CASTLES,0.809,3.4,0.7,11.25,1.41,2.014285714
B1422+231,CASTLES,0.337,3.62,0.32,10.83,0.78,2.4375
MG1549+3047,CASTLES,0.111,1.17,0.82,10.98,1.15,1.402439024
B1608+656,CASTLES,0.63,1.394,0.64,11.67,0.81,1.265625
PMNJ1632−0033,CASTLES,1.165,3.424,0.2,10.71,0.64,3.2
FBQ1633+3134,CASTLES,0.684,1.518,2.93,12.07,0.35,0.119453925
MG1654+1346,CASTLES,0.254,1.74,0.89,11.29,1.05,1.179775281
B1938+666,CASTLES,0.881,2.059,0.69,11.17,0.5,0.724637681
MG2016+112,CASTLES,1.004,3.273,0.22,11.41,1.78,8.090909091
WFI2033−4723,CASTLES,0.661,1.66,0.72,11.46,1.12,1.555555556
B2045+265,CASTLES,0.867,1.28,0.41,11.16,1.06,2.585365854
HE2149−2745,CASTLES,0.603,2.033,0.5,11.22,0.86,1.72
Q2237+030,CASTLES,0.039,1.695,3.86,11.08,0.9,0.233160622
COSMOS5921+0638,CASTLES,0.551,3.14,0.41,11.12,0.72,1.756097561
