Name,Sample,zl,zs,theta_e,log_MS,theta_Ein,theta_ratio
SDSSJ0008−0004,SLACS,0.44,1.192,1.71,11.63,1.16,0.678362573
SDSSJ0029−0055,SLACS,0.227,0.931,2.16,11.63,0.96,0.444444444
SDSSJ0037−0942,SLACS,0.195,0.632,1.8,11.79,1.53,0.85
SDSSJ0044+0113,SLACS,0.12,0.197,1.92,11.53,0.8,0.416666667
SDSSJ0157−0056,SLACS,0.513,0.924,1.84,11.72,0.79,0.429347826
SDSSJ0216−0813,SLACS,0.332,0.523,2.4,12.04,1.16,0.483333333
SDSSJ0252+0039,SLACS,0.28,0.982,1.39,11.49,1.04,0.748201439
SDSSJ0330−0020,SLACS,0.351,1.071,0.91,11.57,1.1,1.208791209
SDSSJ0728+3835,SLACS,0.206,0.688,1.78,11.7,1.25,0.702247191
SDSSJ0737+3216,SLACS,0.322,0.581,1.8,11.96,1,0.555555556
SDSSJ0819+4534,SLACS,0.194,0.446,1.98,11.51,0.85,0.429292929
SDSSJ0822+2652,SLACS,0.241,0.594,1.82,11.73,1.17,0.642857143
SDSSJ0841+3824,SLACS,0.116,0.657,4.21,11.75,1.41,0.334916865
SDSSJ0903+4116,SLACS,0.43,1.065,1.78,11.84,1.29,0.724719101
SDSSJ0912+0029,SLACS,0.164,0.324,4.01,11.96,1.63,0.406483791
SDSSJ0935−0003,SLACS,0.347,0.467,2.15,12.02,0.87,0.404651163
SDSSJ0936+0913,SLACS,0.19,0.588,2.11,11.71,1.09,0.516587678
SDSSJ0946+1006,SLACS,0.222,0.609,2.35,11.61,1.38,0.587234043
SDSSJ0955+0101,SLACS,0.111,0.316,1.47,11.03,0.91,0.619047619
SDSSJ0956+5100,SLACS,0.241,0.47,2.19,11.8,1.33,0.607305936
SDSSJ0959+4416,SLACS,0.237,0.531,1.98,11.73,0.96,0.484848485
SDSSJ0959+0410,SLACS,0.126,0.535,1.29,11.14,0.99,0.76744186
SDSSJ1016+3859,SLACS,0.168,0.439,1.46,11.49,1.09,0.746575342
SDSSJ1020+1122,SLACS,0.282,0.553,1.59,11.79,1.2,0.754716981
SDSSJ1023+4230,SLACS,0.191,0.696,1.77,11.58,1.41,0.796610169
SDSSJ1029+0420,SLACS,0.104,0.615,1.56,11.28,1.01,0.647435897
SDSSJ1032+5322,SLACS,0.133,0.329,0.81,11.11,1.03,1.271604938
SDSSJ1100+5329,SLACS,0.317,0.858,2.2,11.86,1.52,0.690909091
SDSSJ1103+5322,SLACS,0.158,0.735,2.85,11.54,1.02,0.357894737
SDSSJ1106+5228,SLACS,0.095,0.407,1.39,11.41,1.23,0.884892086
SDSSJ1112+0826,SLACS,0.273,0.629,1.32,11.74,1.49,1.128787879
SDSSJ1134+6027,SLACS,0.153,0.474,2.02,11.5,1.1,0.544554455
SDSSJ1142+1001,SLACS,0.222,0.504,1.24,11.59,0.98,0.790322581
SDSSJ1143−0144,SLACS,0.106,0.402,2.66,11.68,1.68,0.631578947
SDSSJ1153+4612,SLACS,0.18,0.875,1.16,11.36,1.05,0.905172414
SDSSJ1204+0358,SLACS,0.164,0.631,1.09,11.45,1.31,1.201834862
SDSSJ1205+4910,SLACS,0.215,0.481,1.79,11.73,1.22,0.681564246
SDSSJ1213+6708,SLACS,0.123,0.64,1.5,11.57,1.42,0.946666667
SDSSJ1218+0830,SLACS,0.135,0.717,2.7,11.64,1.45,0.537037037
SDSSJ1250+0523,SLACS,0.232,0.795,1.32,11.79,1.13,0.856060606
SDSSJ1251−0208,SLACS,0.224,0.784,2.61,11.59,0.84,0.32183908
SDSSJ1306+0600,SLACS,0.173,0.472,1.25,11.47,1.32,1.056
SDSSJ1313+4615,SLACS,0.185,0.514,1.59,11.61,1.37,0.86163522
SDSSJ1318−0313,SLACS,0.24,1.3,2.51,11.73,1.58,0.629482072
SDSSJ1330−0148,SLACS,0.081,0.711,0.96,10.7,0.86,0.895833333
SDSSJ1402+6321,SLACS,0.205,0.481,2.29,11.79,1.35,0.589519651
SDSSJ1403+0006,SLACS,0.189,0.473,1.14,11.47,0.83,0.728070175
SDSSJ1416+5136,SLACS,0.299,0.811,0.98,11.63,1.37,1.397959184
SDSSJ1420+6019,SLACS,0.063,0.535,2.25,11.2,1.04,0.462222222
SDSSJ1430+4105,SLACS,0.285,0.575,2.55,11.91,1.52,0.596078431
SDSSJ1432+6317,SLACS,0.123,0.664,3.04,11.76,1.26,0.414473684
SDSSJ1436−0000,SLACS,0.285,0.805,1.63,11.68,1.12,0.687116564
SDSSJ1443+0304,SLACS,0.134,0.419,0.7,11.14,0.81,1.157142857
SDSSJ1451−0239,SLACS,0.125,0.52,1.54,11.45,1.04,0.675324675
SDSSJ1525+3327,SLACS,0.358,0.717,2.42,11.99,1.31,0.541322314
SDSSJ1531−0105,SLACS,0.16,0.744,1.97,11.75,1.71,0.868020305
SDSSJ1538+5817,SLACS,0.143,0.531,1,11.3,1,1
SDSSJ1614+4522,SLACS,0.178,0.811,2.58,11.49,0.84,0.325581395
SDSSJ1621+3931,SLACS,0.245,0.602,1.51,11.75,1.29,0.854304636
SDSSJ1627−0053,SLACS,0.208,0.524,1.98,11.66,1.23,0.621212121
SDSSJ1630+4520,SLACS,0.248,0.793,1.65,11.83,1.78,1.078787879
SDSSJ1636+4707,SLACS,0.228,0.675,1.68,11.69,1.08,0.642857143
SDSSJ1644+2625,SLACS,0.137,0.61,1.55,11.46,1.27,0.819354839
SDSSJ1719+2939,SLACS,0.181,0.578,1.46,11.48,1.28,0.876712329
SDSSJ2238−0754,SLACS,0.137,0.713,1.82,11.47,1.27,0.697802198
SDSSJ2300+0022,SLACS,0.228,0.463,1.52,11.64,1.24,0.815789474
SDSSJ2303+1422,SLACS,0.155,0.517,2.94,11.74,1.62,0.551020408
SDSSJ2321−0939,SLACS,0.082,0.532,4.11,11.66,1.6,0.389294404
SDSSJ2341+0000,SLACS,0.186,0.807,2.36,11.74,1.44,0.610169492
SDSSJ2347−0005,SLACS,0.417,0.714,1.14,11.85,1.11,0.973684211
