Name,mo_order,t12,t23,t34,d2/d1,d3/d1,d4/d1,dt23,d01,d02,d03,d04
2MASSJ11344050-2103230,CBAD,160.990858545249,79.38825526152846,176.174471166433,0.9053975677483598,0.5527580328845068,0.39213185346205387,1.4218373719259985,1.9590389292945625,1.7737090817076477,1.0828745049010327,0.7682015663485943
2MASXJ01471020+4630433,CBAD,67.49624892132312,33.28257570917181,176.41440583041745,1.053677759475336,0.974820575876991,0.5513570155920305,4.304327027042015,2.1317537875687864,2.24618155463854,2.078077454825761,1.1753574062909335
ATLASJ2344-3056,BDCA,162.33753483022582,78.86332109716027,177.40224589674932,1.0377321012570584,0.9867506794203453,0.7738517256135186,-0.6239410222364258,0.5283910432119419,0.5483283475577375,0.5213902208890087,0.40889632058828845
B0712+472,DABC,79.3881313362781,11.777773210703327,161.5167267935617,0.9987352351008483,0.9944949434444296,0.575152519650229,-4.3453654693765955,0.8209999999905904,0.8199616280083987,0.8164803485585188,0.472200218627426
B1422+231,CABD,75.73928323532283,29.040992727333197,180.45846055832405,0.9302973322148094,0.8956695615553418,0.2458430747831262,-9.364461230077918,1.0863498747133356,1.0106283902977085,0.9730105159801938,0.2670715934897903
B1555+375,CABD,84.0869765580482,16.737991227195817,158.93595525188948,0.8885880642953543,0.926360529688752,0.33037656245287134,1.0056715942099894,0.3274658116805559,0.2909822117241322,0.30335140276335687,0.10818702918386137
B1608+656,BACD,115.41005117493864,37.39985273838851,163.84601520616255,0.7208847000187217,0.802416515361612,0.760000478183914,-3.608825402451845,1.3181835319043562,0.950258339966491,1.0577322362777557,1.0018201145814714
COSMOS5921+0638,CABD,105.99629639747377,42.394842474596345,164.4285718095691,0.9776290822916668,0.9945298588850215,0.9446650998002427,6.551908916423194,0.730168971388662,0.713834421416548,0.7261748440773873,0.6897651442279109
DESJ0029-3814,CABD,179.5331473025675,51.2277993926823,107.06233014625076,0.6504091797278161,0.42366149273243076,0.4260029587503745,-1.7537633939962043,1.3391793387161162,0.8710145352027883,0.5673587176768993,0.5704943605904355
DESJ0053-2012,ACBD,110.27583929739097,33.43107006604071,146.15638006741975,1.0285278468064816,0.8740738470340715,0.33498806128062697,14.647397409056543,1.8399328983100711,1.8924222221672666,1.608237226710433,0.6163555544913357
DESJ040559.80-330851.4,BACD,156.68520565339315,79.89311705209224,178.99385758354202,0.9186641635838663,0.9204973575608678,0.8849207187419866,2.2403849365549275,0.7523220147460271,0.6911312744223881,0.6925104266085862,0.6657453380144738
DESJ0530-3730,BDCA,54.62704806332471,11.164006744049258,163.61828082009825,1.024195312857625,1.0435683888275464,0.48043136555713073,6.757219369369506,0.7057614194098574,0.7228375377553204,0.7365103073501871,0.33906992248461665
G2237+0305,BADC,133.91294834071567,64.59631227310533,187.69003088751435,0.8196950782589714,0.9103803970338876,0.5921281669531875,-9.188507347867265,1.085791292462236,0.8900177784477421,0.9884831079277083,0.642927607699396
GraLJ024848742+191330571,CBAD,165.08687915697178,68.89892778772398,141.53220648869828,0.9228496327713737,0.7793748548316843,0.8099066686503392,10.488637873740254,0.8790535064091264,0.8112342055760506,0.685112198946896,0.7119512969412152
GraLJ065904.1+162909,CADB,173.7603342135256,39.09525126237333,93.55726242991648,0.6931840624136135,0.703831592739583,0.6426171590780143,-0.2836803200705831,3.104771047284237,2.1521778074206566,2.1852359513018076,1.9951791499934675
GraLJ113100013-441959935,CABD,133.31865394734052,32.195387959273475,144.8013587261752,0.9387505135157008,0.9169068385635978,0.8596901549818571,-3.0027220483742307,0.9190702227479831,0.8627776435616586,0.8427017723577948,0.7901156222334235
GraLJ1537-3010,CADB,178.5240204757913,85.2663845271541,174.675157086191,0.949861784254735,0.7164427502599208,0.7438516359216366,-1.2769723257572405,1.6855102173471757,1.6010017424289744,1.2075715757074073,1.2537695325363298
GraLJ1817+2729,CBDA,156.1814893075285,57.14647585753584,157.43910590891682,0.8316076100944382,0.8647983487421621,0.8245390747635949,-5.040753491777567,1.0019539602510983,0.8332325383090735,0.8664881303408197,0.8261501913411603
GraLJ203802-400815,CBAD,142.63372497811835,64.33011426946213,171.47287730541197,0.943290866694535,0.8783870123633626,0.7148775717886081,-0.006566852666834605,1.55867445237613,1.4702833750765094,1.3691193954697691,1.1142614077235864
H1413+117,CBDA,178.34239268979636,86.72225472652885,159.6496719673132,1.2603194048334467,1.1187894167649413,0.7978318311425238,8.008857891505146,0.5920393691887322,0.7461587054139123,0.6623673805565454,0.4723478540283109
HE0435-1223,ACBD,159.12352746001545,86.09736213208019,196.50951860266005,0.7460938573031043,0.7628951929956546,0.7635608694689764,-4.73269952709204,1.4779429864452551,1.10268418363101,1.127515599880727,1.1284994317557147
HE1113-0641,ABDC,85.12624873496145,21.260594501123258,160.5526260503995,0.8655557695670887,0.678112603834616,0.47134422088537853,2.8434556443981154,0.5289939146423667,0.4578737348845805,0.3587174408708019,0.24933822455021276
HST12531-2914,CBDA,142.6190356003434,66.42922349242363,156.4292234924236,1.1919258452754913,0.9935640318810509,0.6071118747193901,14.41896603059975,0.6588571508029017,0.7853088663865505,0.6546167671853926,0.3999999999962256
HST14113+5211,ACDB,188.90989324430996,82.57944675546334,175.53204858330244,1.1123667956238803,0.6790806573824107,0.5664018722305161,-9.99454391740287,1.1079622535981803,1.2324604217072208,0.7523957355283496,0.6275518947987512
J0030-1525,ACDB,91.223870926742,16.62938291378983,153.27337321220136,0.9907052991652059,1.0044352073790177,0.6192016763534013,3.2742739136076726,1.2442738266760403,1.232708673700522,1.2497924391336324,0.7704564393204656
J0408-5354,ABCD,167.48598703860853,39.4760153790025,120.92391509168004,0.6819085611320368,0.7925331294143485,0.673794261730404,-8.564794627820879,2.5023954804579547,1.7064049014623959,1.983231321159665,1.6860997153126673
J0420-4037,CBDA,163.14073343242129,46.221252179175806,128.767977022027,0.9017389293557218,0.8924039657011652,0.8542623209350452,-2.4555173172231193,0.9140841564327384,0.8242652685626857,0.81573232618518,0.780867653004184
J125856.3-031944,CABD,81.66284947424384,37.13141676095753,189.2151450025916,0.9759658969767071,1.013978777588937,0.8245253428512558,-14.977908513734116,1.0497879165190966,1.0245572055808687,1.0644626683196707,0.8655767417890137
J1606-2333,ABDC,168.585651934145,74.23460947496014,152.5168541156458,0.9150152281710066,0.6867231199401943,0.5719614772066534,6.384493800265422,0.904658328168087,0.8277761465655235,0.6212497895994689,0.5174297137463204
J2145+6345,CABD,120.80387764342083,36.81102295276571,159.46830608390337,0.8212964820821561,0.7797512798839136,0.5388886802607101,-3.1958981847592924,1.3039283259203212,1.0709117469656348,1.0167397810132592,0.7026722147097589
J2205-3727,ACDB,175.3481864783844,51.99248154468033,114.88999174106775,0.8067588849850206,0.7652674828792911,0.7584715253827345,-0.6145334290744576,0.9106420448402789,0.7346685607158225,0.6968847454589708,0.6906960608276589
MGJ0414+0534,CABD,100.8526341648253,20.35565891691582,151.9767647525594,0.8763898311063172,0.8806976516614946,0.6870183423538112,1.9215670182812956,1.3749858609749568,1.2050236264734164,1.2109468188284027,0.9446405069669428
PG1115+080,DABC,159.7365989745016,26.918888780833495,125.10232140653187,0.7553923461163459,0.6720140649042079,0.8174967962365997,-16.169337366738148,1.4033029074114662,1.0600442755414368,0.9430392911014727,1.1471956309583793
PSJ2107-1611,CDBA,143.1041608904429,9.897998963828227,97.06852516707625,0.8834220091838916,0.9179984058609515,0.6319687442225705,4.567567352043866,2.5743119664331737,2.274203849652529,2.363214281374425,1.626884700663909
RXJ0911+0551,DBAC,176.9446953665493,36.652794026746335,86.2899523454422,0.31856803072408096,0.3001987813783509,0.267200127692674,-2.7093261828817576,2.4671151665647315,0.7859440201820395,0.7406249665227795,0.659213487538629
RXJ1131-1231,CBAD,65.94414850208938,32.36833059555973,181.91201270277548,0.9557053728122035,0.944613561433953,0.4992457683692196,-3.065762704031565,2.241168590022811,2.141896862862751,2.1170382435953585,1.1188939347708988
SDSS0924+0219,BADC,148.8938246428709,47.65048340260855,136.96478566235018,0.9158250677026939,0.8676538670178027,0.7922289295633658,6.065579574190019,0.9790262840365892,0.8966168128605261,0.8494559412564163,0.7756129450167067
SDSS1138+0314,CADB,153.87324491746077,56.054612695032176,152.07320959781885,0.8339393806068515,0.766631708122146,0.8333142654723079,-0.6622297207976261,0.8066553188358175,0.672701636953164,0.6184075449449171,0.6721973845049997
SDSSJ125107.57+293540.5,DABC,177.32413182348952,41.32406506327259,88.5610123411459,0.6705087927047784,0.6387001807374411,0.6465190613615199,0.3262614232329806,1.1239798602203948,0.7536383791008624,0.7178861398680099,0.726674404218942
SDSSJ1330+1810,CABD,105.76132567317168,21.4502360565332,147.8213998435417,1.091959632384468,1.0801135644659117,0.6769360288706519,4.202373262078259,1.0268096025056295,1.121234636080889,1.1090709797901814,0.6950844147264134
SDSSJ1433+6007,ABCD,126.628429636627,58.699666878086866,171.44843697730258,0.856386287616937,0.7502395543068106,0.49232216303446086,3.486043707708659,2.2615784187099237,1.9367847461535743,1.6967255848828344,1.1134251789713252
SDSSJ1640+1932,ACDB,163.411918414641,18.095858577068277,82.77942539266218,0.8308550156626533,0.824445198757878,0.6904947679994213,-2.4776292907681694,2.8000364064129526,2.3264242923062333,2.3084765716144213,1.9334104888360453
WFI2026-4536,BA1A2C,167.86684491266897,30.07945931139514,111.7356737785241,0.7792129730609476,0.6663263965441685,0.7569416210307623,-12.914942828671364,0.8247420859807973,0.6426497328255848,0.5495474222299055,0.6242816114945972
WFI2033-4723,BA1A2C,134.76334466312898,33.443943735614624,122.51855710247311,0.9040613123179655,0.8090993656765654,0.5870030316169939,16.479073961778802,1.4404768739267566,1.302279413005904,1.1654889249659006,0.8455642919691764
WG0214-2105,CADB,172.58770125119378,68.8659691686192,145.65563023908618,0.8903987526262371,0.7886688378781321,0.8025595757502318,1.9268819685283034,0.9817805121958575,0.8741761434119397,0.7742996956049043,0.7879373513477527
WG2100-4452,CABD,124.692279034975,23.198295845787374,137.40638082035252,0.9433666553987388,0.912156939081195,0.7707059067581583,1.8361020220066622,1.4341033367515768,1.352885268287506,1.3081273099774464,1.1052719125360244
WISE025942.9-163543,CADB,175.08942838243104,68.45443570018661,148.72686147486027,0.9214626827376193,0.8423476246301057,0.8384763448981135,-2.135562464300696,0.8207807107806557,0.7563187956952331,0.6913826820682951,0.6882052103382399
