Name,td_order,mo_order,match,tAB,e_tAB,tAC,e_tAC,tAD,e_tAD,tBC,e_tBC,tBD,e_tBD,tCD,e_tCD,Ref,BibCode
DESJ0029-3814,CADB,CABD,False,-6.6,2.700000047683716,43.1,2.4000000953674316,-6.5,3.0,49.9,2.700000047683716,2.0,3.5,-46.7,2.9000000953674316,2025Dux,2025arXiv250402932D
DESJ0053-2012,ACBD,ACBD,True,-26.7,2.5999999046325684,-20.2,2.5999999046325684,-90.2,6.699999809265137,6.300000190734863,2.0,-63.5,5.900000095367432,-70.2,6.099999904632568,2025Dux,2025arXiv250402932D
WG0214-2105,CADB,CADB,True,-5.0,0.6000000238418579,10.7,0.699999988079071,-2.9,1.399999976158142,15.699999809265137,0.699999988079071,2.1,1.399999976158142,-13.6,1.2999999523162842,2025Dux,2025arXiv250402932D
WISE025942.9-163543,CABD,CADB,False,-9.0,1.7000000476837158,8.3,1.399999976158142,-17.5,3.4000000953674316,17.0,1.5,-8.5,3.4000000953674316,-25.3,3.4000000953674316,2025Dux,2025arXiv250402932D
J0420-4037,CBAD,CBDA,False,1.7,2.4000000953674316,7.9,2.5999999046325684,-7.2,5.099999904632568,6.199999809265137,2.299999952316284,-8.9,4.900000095367432,-14.9,4.900000095367432,2025Dux,2025arXiv250402932D
HE0435-1223,ACBD,ACBD,True,-9.0,0.800000011920929,-0.8,0.800000011920929,-13.8,0.800000011920929,7.800000190734863,0.800000011920929,-6.5,0.699999988079071,-14.3,0.800000011920929,2020Millon,2020A&A...640A.105M
GraLJ065904.1+162909,CADB,CADB,True,-16.1,2.200000047683716,262.2,11.100000381469727,-14.2,12.800000190734863,277.0,11.399999618530273,1.1,13.699999809265137,-277.7,14.0,2025Dux,2025arXiv250402932D
RXJ0911+0551,DBCA,DBAC,False,10.7,1.7000000476837158,5.6,1.7999999523162842,160.0,8.899999618530273,-4.800000190734863,1.100000023841858,150.0,8.899999618530273,154.0,8.800000190734863,2025Dux,2025arXiv250402932D
SDSS0924+0219,BADC,BADC,True,3.7,0.8999999761581421,-17.5,3.4000000953674316,-1.6,3.5999999046325684,-21.5,3.5,-5.2,3.700000047683716,14.7,5.0,2025Dux,2025arXiv250402932D
RXJ1131-1231,BACD,CBAD,False,1.6,0.699999988079071,-1.0,1.2000000476837158,-92.5,1.899999976158142,-2.0,1.399999976158142,-93.7,2.0,-91.8,2.299999952316284,2020Millon,2020A&A...640A.105M
2MASSJ11344050-2103230,CBAD,CBAD,True,30.5,2.299999952316284,38.9,2.200000047683716,-41.5,8.800000190734863,8.600000381469727,1.5,-71.9,8.5,-80.5,8.399999618530273,2020Millon_b,2020A&A...642A.193M
H1413+117,DABC,CBDA,False,-17.4,2.0999999046325684,-18.9,2.799999952316284,28.8,0.699999988079071,-1.0,2.9,28.5,0.6,28.9,1.5,2016Akhunov,2017MNRAS.465.3607A
SDSSJ1433+6007,ABCD,ABCD,True,-22.1,2.4000000953674316,-33.3,2.5,-80.9,7.5,,,,,,,2023Queirolo,2023arXiv231209311Q
GraLJ1537-3010,CADB,CADB,True,-29.2,0.8999999761581421,8.5,0.699999988079071,-24.7,1.5,37.70000076293945,0.800000011920929,4.3,1.399999976158142,-33.3,1.399999976158142,2025Dux,2025arXiv250402932D
J1606-2333,ABCD,ABDC,False,-11.0,1.0,-28.9,1.399999976158142,-34.5,2.0,-17.899999618530273,1.399999976158142,-23.5,1.899999976158142,-5.5,1.7999999523162842,2025Dux,2025arXiv250402932D
SDSSJ1640+1932,ADCB,ACDB,False,-25.23,,-23.54,,-23.43,,,,,,,,2017Wang,2017MNRAS.468.3757W
GraLJ203802-400815,CABD,CBAD,False,-7.099999904632568,4.0,5.3,3.799999952316284,-28.1,6.400000095367432,12.4,3.799999952316284,-20.8,6.400000095367432,-33.3,6.300000190734863,2025Dux,2025arXiv250402932D
J2205-3727,ADCB,ACDB,False,-14.0,2.700000047683716,-12.3,1.7999999523162842,-11.9,4.400000095367432,1.8,2.5,1.7000000476837158,4.699999809265137,0.2,4.300000190734863,2025Dux,2025arXiv250402932D
